 time,low,high,open,close,volume
1576713600,125.68,134.11,132.89,128.18,93934.20288922
1576800000,125.71,129.32,128.18,128.37,44379.22091837
1576886400,126.63,128.45,128.36,127.09,25941.74023594
1576972800,126.89,133.22,127.16,132.4,40439.9594125
1577059200,126.16,135.24,132.4,127.78,62248.12241615
1577145600,126.5,129.5,127.75,127.71,34976.25422744
1577232000,123.16,127.77,127.67,125,45117.58085216
1577318400,124.06,132.06,125,125.49,51891.10919615
1577404800,122.15,126.7,125.49,126.23,39780.97303035
1577491200,125.8,129.6,126.23,127.91,47036.68791942
1577577600,127.22,137.85,127.95,134.3,64885.83350862
1577664000,129.79,135.97,134.31,131.1,58811.72784574
1577750400,127.6,133.19,131.08,128.54,85044.39188554
1577836800,128.12,132.68,128.54,130.19,57512.49500629
1577923200,125.83,130.18,130.14,126.81,49211.56901537
1578009600,125.52,134.93,126.81,134.17,88651.89284841
1578096000,132.5,135.75,134.17,134.14,31254.84712421
1578182400,134.14,138.97,134.14,135.31,45353.69311227
1578268800,134.78,144.51,135.31,144.19,91523.60992709
1578355200,138.79,145.25,144.2,143.08,96525.42253821
1578441600,137.03,148,143.08,140.6,101682.09291578
1578528000,135.12,141.38,140.64,137.71,61184.99933797
1578614400,135.26,145.81,137.72,144.72,137620.99823131
1578700800,142,148,144.89,142.63,52850.50876755
1578787200,141.83,146.6,142.51,146.6,35450.66532334
1578873600,142.1,147,146.55,143.51,44072.65864059
1578960000,143.45,170.83,143.5,165.76,258408.61594025
1579046400,159.13,172.18,165.74,166.29,165292.68609565
1579132800,158.17,167.28,166.27,163.93,88188.75031049
1579219200,162.01,174.52,164,169.59,134919.66648757
1579305600,164.92,179.32,169.54,174.06,113052.32285408
1579392000,161.7,178,174.05,166.75,113433.68959115
1579478400,161.1,169.3,166.67,166.68,66340.77435099
1579564800,164.28,170,166.66,169.19,61518.4955582
1579651200,165.65,171.05,169.29,167.68,49452.51856158
1579737600,158.44,167.79,167.73,162.4,69309.04423236
1579824000,154.48,164.21,162.49,162.3,88510.10066684
1579910400,157.4,162.41,162.31,160.12,36677.5237579
1579996800,159.09,167.59,160,167.35,44653.7353865
1580083200,164.89,171.7,167.58,169.77,84463.87778454
1580169600,169.78,176.5,169.78,175.99,102264.17475594
1580256000,173.13,178.31,175.91,173.45,85409.92407361
1580342400,170,186.89,173.41,184.55,104426.47390742
1580428800,175,185.68,184.52,179.74,108639.77662455
1580515200,179,184.2,179.72,183.5,65650.16851655
1580601600,178.98,193.52,183.49,188.29,96138.84421015
1580688000,186.25,195.21,188.22,189.42,89093.19595622
1580774400,184.29,191.37,189.41,188.24,89059.71463466
1580860800,186.89,207.93,188.25,204,143938.17466042
1580947200,200.54,216.49,204.01,212.95,162316.43667648
1581033600,212.94,224.78,212.94,223.22,161651.51487279
1581120000,213.24,228.4,223.22,223.37,137475.60159995
1581206400,223.16,230.9,223.36,228.8,111211.55092349
1581292800,216.31,229.6,228.8,222.85,106485.3898759
1581379200,217.83,239.92,222.86,237.98,174444.85728588
1581465600,237.95,276.15,237.99,266.49,293996.34960631
1581552000,253.75,278.01,266.63,268.42,264197.24736242
1581638400,260.13,287.98,268.37,286.27,191566.74315799
1581724800,261.35,290,285.95,264.92,251243.79219334
1581811200,236.37,274,264.83,258.5,248679.14437688
1581897600,242.36,269,258.58,268.03,204959.48476961
1581984000,259.24,286.87,268.2,283.31,211662.70708459
1582070400,250,287.13,283.34,258.66,239803.85463207
1582156800,245.25,264.26,258.51,257.4,203271.5155604
1582243200,254.1,268.71,257.2,265.8,136892.24699258
1582329600,256.3,267.04,265.79,262.08,63814.59112412
1582416000,261.53,276.62,261.94,275.48,104405.13989679
1582502400,256.06,278.13,275.48,265.31,197775.66826806
1582588800,244.44,266.24,265.53,246.5,152709.51365655
1582675200,215.33,250.84,246.28,223.5,404352.61565839
1582761600,209.26,239,223.78,227.63,342714.17971542
1582848000,213.63,234.9,227.6,227.37,258340.98757632
1582934400,216.83,233.32,227.13,217.31,93401.32179224
1583020800,211.5,227.99,217.36,217.26,144339.90935814
1583107200,215.75,234.5,217.34,232.12,189047.53250784
1583193600,220,232.92,232.12,223.75,173987.90547375
1583280000,220.39,228.83,223.72,224.56,106846.75811775
1583366400,224.49,234.47,224.49,228.64,160025.91518532
1583452800,227.77,245.84,228.6,245.56,140307.21140132
1583539200,236.67,253.01,245.53,237.75,147025.87399131
1583625600,196,237.75,237.75,199.46,293962.39516435
1583712000,189.85,208.65,199.51,202.77,461839.12853606
1583798400,195.17,206.28,202.76,200.5,184956.93858031
1583884800,181,202.98,200.63,194.61,240340.20653555
1583971200,101.22,195.64,194.62,110.3,1290935.34805301
1584057600,90,148,110.3,135.51,1322282.9798003
1584144000,120.71,135.9,135.44,122.17,284672.85934781
1584230400,119.84,134.1,122.11,123.3,438391.83520594
1584316800,100.5,123.75,123.33,111.38,891238.58022214
1584403200,109.66,121.49,111.36,116.09,418552.55664492
1584489600,110.18,118.88,116.06,118.6,306306.60980115
1584576000,115.72,144.44,118.59,136.68,486951.21183315
1584662400,115.51,154,136.65,133.27,626525.45202553
1584748800,125.84,137.64,133.35,132.79,259380.31056445
1584835200,120.9,137.38,132.79,122.42,261957.09352208
1584921600,119.2,138,122.31,137,392334.34456747
1585008000,133.04,144.16,137,139,328276.63196021
1585094400,132.5,142.79,138.95,136.26,228043.63383605
1585180800,133.52,140.36,136.35,139,168611.79605607
1585267200,130,142.5,139,131.56,173786.92012003
1585353600,125.01,133.8,131.56,131.35,172811.93639922
1585440000,123.72,132.18,131.36,124.35,93067.42014241
1585526400,124.05,135.48,124.43,132.32,154018.23932986
1585612800,130.45,135.35,132.3,133.08,86613.22974083
1585699200,128.6,137.4,133.08,136.14,99102.5178578
1585785600,135.5,150.5,136.14,141.53,214501.14100152
1585872000,138,146.81,141.48,141.54,120557.4337924
1585958400,139.04,146.69,141.48,144.48,85410.10645987
1586044800,140.81,145.98,144.49,142.79,64777.90082877
1586131200,142.79,172.19,142.79,171.5,398555.26124929
1586217600,161.47,176.82,171.56,164.57,533130.95121358
1586304000,163.49,174.77,164.54,173.36,192588.6023951
1586390400,165.32,173.55,173.43,169.75,165254.80474587
1586476800,152.3,170.39,169.71,158.1,258810.1653336
1586563200,154.2,161.5,158.1,158.55,96587.83228092
1586649600,155.31,165.45,158.68,158.87,133037.62244785
1586736000,149.7,159.44,158.82,156.76,233848.97745777
1586822400,155.56,163,156.76,158.65,198839.23382124
1586908800,152.17,161.5,158.68,152.77,142489.51028959
1586995200,148.08,175.2,152.76,172.55,376129.26054849
1587081600,168.5,175.1,172.58,170.89,136537.58680864
1587168000,170.69,191.22,170.85,187.88,320092.58324239
1587254400,176.53,189.92,187.85,180.39,194900.14018716
1587340800,166.4,186.67,180.28,170.5,280053.96893369
1587427200,168.44,174.93,170.39,171.07,169875.06657111
1587513600,170.02,184.41,171.05,183.11,178433.47878367
1587600000,178.44,194.86,183.1,185.66,271745.32794126
1587686400,184.97,189.91,185.65,187.84,125300.66822971
1587772800,185.97,198.2,187.92,194.42,147021.91304917
1587859200,192.54,200,194.42,197.83,134905.32156149
1587945600,189.6,199.41,197.8,196.78,165535.9963748
1588032000,192.5,197.95,196.88,196.67,105608.41827873
1588118400,196.64,219.59,196.64,215.66,377357.2932836
1588204800,202.3,227.5,215.74,206.23,410315.64169167
1588291200,206.18,217.58,206.22,212.09,153088.48477931
1588377600,210.57,215.59,212.08,214.25,86048.74335239
1588464000,205.28,219.48,214.25,210.24,145164.74879656
1588550400,195.17,210.96,210.24,206.86,209514.67319864
1588636800,201.33,212.17,207.02,205.43,126463.17604265
1588723200,198.18,211.21,205.5,199.26,172142.53654051
1588809600,196.82,215.99,199.1,212.47,259914.56415047
1588896000,207.2,217,212.5,211.59,156564.17053734
1588982400,208.27,214.79,211.65,210,120178.88081369
1589068800,180.01,210.06,210.06,187.73,479238.22296594
1589155200,176.43,193.77,187.65,185.93,266403.27205753
1589241600,185.79,192.89,185.93,190.1,114408.63558372
1589328000,188.36,201.59,189.93,199.92,145067.37490257
1589414400,195.7,206.25,199.92,203.4,169935.22065409
1589500800,191.35,204.3,203.4,194.7,145885.04950668
1589587200,193.24,203.36,194.66,200.53,89046.63238362
1589673600,199.1,210,200.5,207.05,114512.3105608
1589760000,206.99,216.99,207.05,214.97,163043.28096713
1589846400,209.22,215.84,214.86,214.71,98910.17410947
1589932800,205.1,215.5,214.8,209.96,104103.82197937
1590019200,191.27,211.52,209.95,198.62,179532.29834323
1590105600,196.12,209.28,198.61,207.32,129598.18331979
1590192000,204.56,211.3,207.3,206.66,67466.85940148
1590278400,199.3,210.67,206.61,199.63,106095.09791687
1590364800,198.01,205.71,199.63,204.06,81997.29845547
1590451200,196.65,205.03,204.13,200.91,100703.87164821
1590537600,200.76,208.48,200.87,208.41,77179.58901738
1590624000,204.5,220.68,208.41,220.44,146497.83268041
1590710400,217.52,224.84,220.39,220.62,135620.52543794
1590796800,218.33,247.36,220.55,243.84,254679.91896954
1590883200,229.46,245.46,243.85,231.54,162582.98189044
1590969600,230.59,251.46,231.43,248.41,216373.63959941
1591056000,225.6,253.6,248.42,237.71,270793.52134846
1591142400,233.28,245.39,237.7,244.6,112638.13782506
1591228800,236.17,246.73,244.59,243.18,159033.0192543
1591315200,238.65,247.9,243.18,240.04,117168.70393642
1591401600,237.67,244.52,240.04,241.92,60101.61055226
1591488000,234.48,245.45,241.92,244.81,128372.56725763
1591574400,240.82,247.97,244.79,246.55,93327.75056481
1591660800,238.91,249.99,246.55,244.03,111405.53181014
1591747200,242.13,250.56,244.04,248.16,142311.15342422
1591833600,225.2,250.26,248.27,230.15,240083.16277683
1591920000,227.84,239.54,230.14,237.53,133036.84861839
1592006400,234.11,238.8,237.57,238.17,46315.99128011
1592092800,229.75,238.59,238.18,231.34,108186.66771876
1592179200,217.79,234,231.34,230.98,240181.57688417
1592265600,228.78,236.02,230.96,235.34,86465.3143021
1592352000,227.5,237,235.35,233.71,89376.40701295
1592438400,227.37,234.5,233.69,231.05,64198.37536142
1592524800,226.43,231.9,231.05,228.66,66279.2578057
1592611200,225.5,230.67,228.67,228.8,44777.05564533
1592697600,226.86,231.29,228.8,227.68,44083.75435657
1592784000,227.2,246.95,227.7,243.23,166917.79861423
1592870400,240.73,244.8,243.24,243.12,73617.26296542
1592956800,230.66,249.04,243.08,234.44,145340.38961032
1593043200,227.05,235.24,234.44,231.97,115681.75713751
1593129600,227.3,233.25,231.94,229.44,82611.98976703
1593216000,215.16,231.1,229.45,220.76,131871.65434052
1593302400,217.35,227.93,220.74,224.76,67155.35599069
1593388800,220.98,229.98,224.94,227.81,81211.44620718
1593475200,222.93,228.69,227.81,225.48,57678.36075887
1593561600,224.11,232.77,225.5,231.03,91282.48097
1593648000,222.78,232.15,231.15,226.48,89324.15323347
1593734400,224.31,228.26,226.43,225.06,67562.68650168
1593820800,224.5,231.04,224.98,229.34,50798.99631699
1593907200,223.5,229.93,229.34,227.67,45635.09435721
1593993600,227.08,241.99,227.62,241.65,140881.46531449
1594080000,234.55,243.82,241.71,239.37,84359.1623332
1594166400,237.91,249,239.37,247.14,135216.77486401
1594252800,237.04,247.67,247.11,242,107698.9573371
1594339200,235.56,242.12,242,241.2,71281.88112286
1594425600,237.43,241.58,241.26,239.17,38867.95249326
1594512000,236.51,243.9,239.18,242.81,61521.88398572
1594598400,236.97,245.37,242.81,239.44,123671.07492457
1594684800,236.66,242.01,239.25,240.43,70522.17530535
1594771200,236.36,241.44,240.4,238.33,116172.66592129
1594857600,229.77,239.16,238.35,233.41,143676.50946975
1594944000,230.87,234.55,233.47,232.63,77645.60947152
1595030400,232.24,236.97,232.59,235.72,48348.08464248
1595116800,233.28,240,235.69,239.17,47600.88537256
1595203200,233.85,239.8,239.26,236.1,75335.42836551
1595289600,235.77,247.18,236.12,245.65,132078.78763576
1595376000,241.62,269.49,245.64,264.28,152721.59642151
1595462400,260.1,282.6,264.28,275.68,309092.34216714
1595548800,268.39,287.8,275.56,279.59,180943.23090308
1595635200,279.62,310,279.66,305.66,245086.41093138
1595721600,300.21,319.86,305.55,311.35,238205.01599146
1595808000,311.38,334.34,311.43,322.24,412079.37629514
1595894400,306.29,327.34,322.41,317.59,208395.56039785
1595980800,312.66,325.85,317.52,318.16,166994.96333734
1596067200,314.52,342.4,318.15,335.31,175330.87646686
1596153600,328.35,349.74,335.25,346.86,199448.47978816
1596240000,343.75,394,346.86,387.4,308505.50003166
1596326400,325.75,415,387.4,372.21,573146.54484066
1596412800,366.34,399.69,372.19,386.22,246596.56665901
1596499200,380.67,403.64,386.27,389.82,250989.95459676
1596585600,383.86,408,389.76,401.21,208377.2177264
1596672000,391,404.03,401.21,395.28,147321.25541594
1596758400,362.88,398.57,395.28,379.75,258109.56327072
1596844800,376.18,400.06,379.76,397.51,109615.57796907
1596931200,384.02,401,397.5,390.41,144028.58904543
1597017600,385.44,400.21,390.41,395.78,198449.18038811
1597104000,364.77,398.3,395.77,378.88,231283.21718575
1597190400,365.19,389.57,378.92,387.27,193171.5051413
1597276800,376.46,432.94,387.27,424.94,363868.52826094
1597363200,417.52,445.45,425,438.83,320572.96388462
1597449600,428,443.33,438.83,432.55,170960.90077551
1597536000,412.51,437,432.67,433.7,198013.6894012
1597622400,420.5,447.5,433.71,431.5,221839.14358535
1597708800,414.44,434.27,431.5,422.31,148682.30738539
1597795200,393.75,426.97,422.31,407.59,212936.96902525
1597881600,402.3,419.58,407.6,415.92,146536.51021535
1597968000,385,418.92,415.92,388.05,218376.51497554
1598054400,379.53,399.73,388,395.62,145453.08931908
1598140800,383.67,400,395.52,390.9,79939.92783349
1598227200,387.72,411.97,390.78,407.76,153521.94600679
1598313600,369.36,409.31,407.76,383.33,189576.54223265
1598400000,377.56,393.5,383.26,386.1,131417.52221164
1598486400,371.5,397.15,386.12,383.25,121889.95194935
1598572800,379.67,398.16,383.27,395.47,123755.41938251
1598659200,392.34,405.82,395.35,398.58,89963.76995825
1598745600,398.24,429.9,398.57,428.94,170379.4456584
1598832000,418.16,439,428.92,433.89,168619.80537213
1598918400,429.66,488.95,433.88,475.57,333743.62207967
1599004800,420.58,481.2,475.57,440.02,320308.05438354
1599091200,370,451,439.99,382.87,407832.29146336
1599177600,359,400.5,382.15,388.96,286186.00739699
1599264000,310,394.38,389.2,335.25,607878.87819331
1599350400,316.43,360.61,335.25,352.77,266338.83290829
1599436800,323.17,358.66,352.85,353.71,215514.08931085
1599523200,325.36,357.01,353.71,337.48,209229.73612667
1599609600,330.6,359.41,337.48,351.1,166730.61512655
1599696000,350.23,377.79,351.11,368.06,217245.43576712
1599782400,355.81,375.38,367.94,373.93,132464.58690229
1599868800,364.88,388.25,373.93,387.81,109437.79363532
1599955200,353.58,390.41,387.82,366.58,164465.94392732
1600041600,355.66,384.61,366.58,377.28,190573.77197746
1600128000,362.5,382.76,377.27,364.2,170054.9627384
1600214400,355,373.37,364.05,365.23,130167.7980122
1600300800,363.4,394.55,365.22,389.45,212965.41279613
1600387200,375.19,392.69,389.52,384.64,163353.49313499
1600473600,377.2,388.43,384.6,385.23,70257.87733175
1600560000,364.89,385.31,385.25,370.69,89803.37071302
1600646400,331,376.76,371.03,340.11,266795.43383713
1600732800,335.57,346.84,340.36,344.26,125988.89838001
1600819200,313,344.64,344.25,320.63,190725.11444266
1600905600,316.65,353.14,320.65,349.14,183245.45463309
1600992000,337.63,358.12,349.14,352.11,126913.44997664
1601078400,346.03,356.5,352.12,354.13,61035.01105045
1601164800,347.05,362.86,354.01,357.55,80085.26429182
1601251200,351.88,368.52,357.53,353.91,104212.37558644
1601337600,350.19,360.59,353.68,359.9,116581.13501754
1601424000,351.38,361.51,359.93,359.89,61528.3697469
1601510400,345.01,370.25,360.01,352.9,123288.381776
1601596800,334.19,354.25,352.84,345.7,152553.41162458
1601683200,343.71,351.2,345.74,346.18,39972.14867485
1601769600,344.08,354.35,346.18,352.48,57672.70466128
1601856000,348.69,356.12,352.42,353.73,53291.56083882
1601942400,336.73,355.33,353.82,340.78,101113.66417348
1602028800,332.87,342.83,340.8,341.68,95554.36544775
1602115200,334.29,353.34,341.7,351.25,88039.97567275
1602201600,347.15,368.7,351.17,365.36,116241.01508045
1602288000,365.02,380.81,365.35,370.75,117309.72652529
1602374400,369.02,377.49,370.73,374.38,55925.96138195
1602460800,365.77,395.18,374.37,386.74,111464.29529211
1602547200,374.29,387.88,386.77,381.37,84543.6186979
1602633600,373.29,387.63,381.37,378.97,80200.71716699
1602720000,370.06,381.99,379.01,377.94,68915.97860381
1602806400,361.38,380,377.89,365.57,106263.28472121
1602892800,363.56,370.57,365.57,368.48,41868.07115942
1602979200,367.31,378.69,368.48,378.58,42509.2101992
1603065600,372.89,384.69,378.56,379.36,69957.45766229
1603152000,363.01,380.9,379.53,368.81,84940.26982272
1603238400,368.06,402.62,368.81,391.53,249849.80700571
1603324800,391.33,421.47,391.36,414.7,182333.508395
1603411200,401.51,419.48,414.64,409.52,124844.52058112
1603497600,407.4,417,409.55,412.58,68349.19907782
1603584000,402.92,417.86,412.58,406.46,53762.84086586
1603670400,382.21,411.47,406.32,393.12,129676.34185848
1603756800,390.35,411.77,393.07,404.55,108903.27558482
1603843200,380.5,409.52,404.56,388.63,128255.13819075
1603929600,380.75,394,388.59,387.6,104421.73544657
1604016000,373.4,392.16,387.49,382.77,107710.17276225
1604102400,380.76,394,382.77,386.74,76755.21020838
1604188800,385.09,397.65,386.72,396.91,49385.47176829
1604275200,378.36,404.57,396.91,383.33,128275.51088227
1604361600,370.5,390.35,383.33,388.32,105339.73002582
1604448000,376.64,409,388.33,403.18,214751.18285099
1604534400,396.43,421.25,403.19,417.17,248936.20591844
1604620800,415.57,458.92,417.29,456.65,357787.28499666
1604707200,423,468.98,456.69,435.73,297289.78479728
1604793600,432.65,460.57,435.59,454.61,111199.12192081
1604880000,433.83,460,454.61,444.81,171387.94473541
1604966400,439.36,455.51,444.84,450.89,132863.6764641
1605052800,449.95,476.8,450.89,463.79,195694.06578762
1605139200,452.07,470.56,463.75,462.98,180116.97555794
1605225600,457.64,478.31,462.91,477.14,134796.05936368
1605312000,452.17,478,477.15,461.16,114594.78378366
1605398400,439.77,463.24,461.21,448.58,89217.75628557
1605484800,445.91,466.21,448.6,460.85,112980.26100088
1605571200,460.05,485,460.87,482.68,196041.73514216
1605657600,456.5,495.68,482.75,478.96,296492.09128068
1605744000,465.18,480.99,479,471.92,131594.48266392
1605830400,471.07,514.73,471.92,510.43,296509.77452923
1605916800,502.82,554.28,510.6,553.07,287728.12781004
1606003200,511.16,581.8,553.06,560.82,403902.15612966
1606089600,550,611.43,560.78,609.26,444789.07944749
1606176000,587.25,623.22,609.26,605.45,387478.59472708
1606262400,554,606.49,605.45,568.79,255508.1788265
1606348800,480.08,577,569.19,520.34,614152.35686943
1606435200,493.51,531.41,520.35,519.07,199205.09175665
1606521600,505.01,548.83,519.04,538.11,166450.43752162
1606608000,531,577.55,537.97,576.76,139940.81576302
1606694400,571.11,617,576.9,617,313418.9868296
1606780800,563.01,636.53,617,586.03,373179.79775575
1606867200,575.08,604.96,585.87,597.35,136242.16440789
1606953600,586.11,624.57,597.03,616.65,168346.30401374
1607040000,566,620.56,616.46,567.6,195480.70629191
1607126400,561.15,597.88,567.76,597.29,95956.77136123
1607212800,583.31,607.46,597.29,601.95,101652.72670304
1607299200,584.54,603.4,601.97,591.47,79196.58540342
1607385600,548.12,595.47,591.53,554.79,173888.79056355
1607472000,530.32,578.67,554.8,573.38,246145.836363
1607558400,547.83,575.62,573.26,559.45,117320.21056794
1607644800,535.5,560.62,559.33,544.23,173696.26025699
1607731200,543.22,574.33,544.51,568.64,101618.14658727
1607817600,563.79,595.21,568.64,590.75,105159.23425191
1607904000,575.58,591.71,590.45,586.39,103488.31631148
1607990400,579.15,597.04,586.4,589.08,95567.38638129
1608076800,581.21,639.58,589.08,637.98,261818.28860235
1608163200,626.79,677.05,637.91,643.37,430253.08270837
1608249600,629.59,664.46,643.26,654.66,177136.01903836
1608336000,646.54,672.06,654.66,658.96,186815.55508677
1608422400,621.46,661.4,658.8,638.4,164504.33582055
1608508800,596.9,648.35,638.19,608.07,267136.10267039
1608595200,587.54,638.5,608.07,636.82,207333.55726725
1608681600,551.45,638.75,636.73,585.11,328147.46529268
1608768000,565.61,614.99,585.37,612.27,213890.61477265
1608854400,604.26,633.97,612.25,626.75,158871.75321373
1608940800,615.22,652.7,626.71,636.52,195895.6773533
1609027200,625.01,714.99,636.85,684.12,436385.25431205
1609113600,680.9,747,684.11,729.7,397946.53045409
1609200000,688,739.66,729.65,731.76,295088.40177823
1609286400,717,759,731.79,752.86,238441.21767564
1609372800,724,755.9,752.87,737.67,217610.26070386
1609459200,717.1,750,737.89,730.99,198060.44209411
1609545600,715.22,789.21,730.97,775.3,368899.31941969
1609632000,770,1015.14,775.29,980.44,858743.81908511
1609718400,886.33,1168.99,980.44,1042.38,1103882.9026854
1609804800,975,1136.93,1042.24,1103.73,858495.88816745
1609891200,1058.32,1215.98,1103.71,1212.02,821084.91284462
1609977600,1140,1291.94,1212.68,1227.34,661416.03292889
1610064000,1063.18,1275,1227.55,1217.35,781425.78426996
1610150400,1172.86,1310,1217.31,1281.45,434123.02634182
1610236800,1153,1350.88,1281.25,1255.13,670103.5931583
1610323200,905,1260.24,1255.1,1088.79,1556217.07756248
1610409600,1006.83,1150,1088.55,1049.79,656376.70350396
1610496000,980,1137.75,1050.46,1130.8,504920.57439418
1610582400,1087.05,1246.99,1130.79,1231.32,438467.28987015
1610668800,1065,1255.59,1231.59,1168.1,578841.8829192
1610755200,1152.3,1294,1169.04,1227.14,422140.39314774
1610841600,1165.78,1268.83,1227.76,1232.99,295103.60231119
1610928000,1181.9,1261,1232.6,1258.48,287749.94730348
1611014400,1252.01,1440,1258.55,1368.04,709702.99933138
1611100800,1234.01,1408.5,1367.7,1376.88,596370.07168489
1611187200,1081,1390,1377.15,1110.62,789194.34468025
1611273600,1039.62,1275.99,1110.61,1233.6,758560.99547401
1611360000,1196.74,1272,1233.42,1234.55,269855.02080844
1611446400,1221.66,1401.92,1234.47,1394,434746.40508943
1611532800,1293.65,1477.3,1394.04,1317.97,627535.52793717
1611619200,1245,1378.12,1317.98,1367.98,484756.90659865
1611705600,1206.05,1375.91,1367.97,1240.96,546037.67685749
1611792000,1220.08,1363.27,1240.62,1333.19,361803.16655087
1611878400,1286.56,1442.88,1333.61,1379.87,629545.82992845
1611964800,1327,1408.97,1380.04,1380,283799.50273321
1612051200,1283,1382,1380,1313.94,216853.04918505
1612137600,1271.31,1378.02,1313.95,1374.6,282549.58638538
1612224000,1360.27,1549,1374.55,1513.67,596570.35740844
1612310400,1509.48,1672.21,1513.85,1668.72,492422.63736011
1612396800,1556,1699,1668.71,1597.55,531943.12791716
1612483200,1589.17,1763.93,1597.34,1721.06,414535.83691975
1612569600,1646.7,1745.25,1721.06,1679.77,330440.89591973
1612656000,1493.28,1695.38,1679.76,1615.32,416691.917484
1612742400,1565.98,1780,1615.51,1752.98,454314.62328634
1612828800,1710.01,1824.23,1752.98,1772.16,345860.43376582
1612915200,1680,1839,1771.91,1742.93,368565.10934926
1613001600,1704.23,1819,1742.51,1787.32,263018.46640028
1613088000,1741.29,1868.9,1787.33,1845,324522.83669583
1613174400,1766.15,1877.88,1844.78,1818.01,222718.507164
1613260800,1785.07,1852.47,1817.85,1803.75,172443.99258151
1613347200,1659.93,1836,1803.25,1779.62,320429.97588848
1613433600,1725,1825,1780.59,1781.97,209801.29066471
1613520000,1733.87,1857.61,1782.14,1852,224624.79625355
1613606400,1851.47,1950.3,1851.9,1939.64,279501.81066288
1613692800,1890,1974.98,1939.64,1957.68,247118.43154671
1613779200,1811.25,2041.42,1957.9,1915.46,419107.37348279
1613865600,1885,1976.72,1915.01,1935.57,159669.07872776
1613952000,1507.34,1938.95,1935.67,1778.66,665395.31208108
1614038400,1356,1783.22,1778.33,1577.83,1013355.39743643
1614124800,1500.28,1714,1577.84,1625.3,440088.38004088
1614211200,1458.5,1672.49,1625.27,1482.62,335391.64228393
1614297600,1400.01,1564.11,1482.05,1445.18,380775.95904184
1614384000,1420,1526.82,1445.09,1460.57,231399.55692715
1614470400,1292.76,1469.96,1460.49,1422.02,460805.82144299
1614556800,1412.61,1574.28,1421.8,1571.82,313413.589566
1614643200,1455.86,1605.89,1571.87,1488.34,240668.58113618
1614729600,1476.72,1657.91,1488.34,1567.86,233779.70945241
1614816000,1504.06,1625,1568.4,1539.69,231528.48274717
1614902400,1442.32,1551.19,1539.53,1528.82,324961.01226774
1614988800,1512.45,1673.02,1528.82,1651.83,248888.00355718
1615075200,1631.07,1735,1651.75,1728.22,210732.49738587
1615161600,1664.08,1843.99,1727.95,1834.58,310581.14494936
1615248000,1800,1872.26,1834.88,1871.99,225203.26521323
1615334400,1756.29,1879,1871.93,1795.37,284059.53415917
1615420800,1725,1847,1795.55,1827.04,210929.2155979
1615507200,1721.15,1841.96,1826.53,1767.79,236995.37958528
1615593600,1728.3,1944,1766.76,1921.61,242511.38585835
1615680000,1836.61,1931.97,1921.76,1848.9,153591.2699543
1615766400,1734.87,1893.75,1848.56,1795.07,283178.47343009
1615852800,1706.25,1819.2,1794.08,1806.03,183635.76254277
1615939200,1742,1841.13,1805.7,1824.74,192527.7769105
1616025600,1758.4,1850,1824.45,1776.4,190138.5330396
1616112000,1734.29,1840.69,1776.4,1809.38,144695.63348271
1616198400,1800.55,1869,1808.95,1806.47,111937.33021974
1616284800,1748.25,1818.86,1806.04,1784,121647.31152544
1616371200,1657.17,1806.39,1784.11,1681.02,200417.24791012
1616457600,1651.58,1723.61,1681.4,1668.09,212509.86225776
1616544000,1545.77,1740.91,1668.37,1581.79,278130.15826272
1616630400,1548.69,1622.27,1581.97,1587.08,286235.84724682
1616716800,1586.81,1700.7,1587.01,1700.1,175253.6705026
1616803200,1666.4,1732.85,1699.97,1713.88,110263.21715736
1616889600,1662,1725.71,1713.96,1686.92,95999.89882024
1616976000,1675.28,1841.88,1686.92,1815.73,203102.37426045
1617062400,1785.77,1860,1815.73,1841.16,151376.69947985
1617148800,1771.94,1948,1841.03,1920,263472.22513295
1617235200,1886.11,1982.21,1919.99,1968.38,206220.44426132
1617321600,1948.67,2145,1968.74,2134.68,273307.72019019
1617408000,2000,2139.33,2134.38,2009.25,198152.20897275
1617494400,1980,2093.07,2008.97,2076.36,117506.19033922
1617580800,2003.1,2131.27,2076.31,2106.98,150633.34725495
1617667200,2046.08,2151,2107.45,2113,195664.36827122
1617753600,1929.69,2128.99,2113.55,1964.23,297887.0746854
1617840000,1949.34,2084.54,1964.69,2081.29,134740.59760903
1617926400,2048.41,2100,2081.29,2066.03,116343.17660276
1618012800,2057.2,2195,2066.5,2133.08,172198.2806936
1618099200,2112.58,2163.18,2133.07,2150.54,83861.37599123
1618185600,2102.55,2199.11,2150.54,2138.03,127578.86243868
1618272000,2135.9,2317.3,2138.02,2299.92,230007.9920857
1618358400,2283.26,2446.91,2300.01,2432.54,322816.09722215
1618444800,2401.25,2546.82,2432.16,2517.03,218658.15563428
1618531200,2305,2548,2517.03,2426.64,305993.48077725
1618617600,2305.55,2497.84,2426.64,2318.7,184015.29039346
1618704000,2000,2341,2319.11,2241.46,484164.17039406
1618790400,2050,2282.6,2241.67,2163.82,269095.50575273
1618876800,2054.25,2349.5,2163.69,2332.6,312215.54603767
1618963200,2237.02,2471.72,2332.18,2357.21,305022.6790685
1619049600,2304,2646.2,2357.74,2399.99,584078.8877022
1619136000,2040,2442.29,2399.21,2370.05,644161.18986279
1619222400,2158.36,2371.18,2369.8,2216.72,220990.83137577
1619308800,2166,2358.22,2216.18,2322.16,253708.11161981
1619395200,2306.03,2542.04,2322.43,2534,310905.02678021
1619481600,2484.56,2683,2533.99,2667.86,276539.98979416
1619568000,2551,2762.59,2667.86,2751.59,388997.91493036
1619654400,2672,2800,2751.56,2758.92,289566.94008224
1619740800,2727,2800,2758.92,2776.45,203784.33868508
1619827200,2757.28,2955.9,2776.76,2948.92,219121.32332416
1619913600,2855.29,2986,2948.92,2952.09,158755.45128689
1620000000,2952.08,3457.75,2952.21,3433.99,552087.28112543
1620086400,3166.12,3534.5,3433.99,3240.01,713308.42978124
1620172800,3201.33,3550,3239.61,3529.97,466260.19811275
1620259200,3381.11,3610.91,3529.96,3492.75,368967.13672979
1620345600,3356.69,3595.07,3492.33,3484.7,305837.39644288
1620432000,3455,3962.44,3484.69,3917.26,329490.02398979
1620518400,3726.29,3984,3917.26,3928.44,303199.06513222
1620604800,3650.01,4213.85,3928.41,3949.45,591122.82046763
1620691200,3760,4183.25,3949.45,4179.76,371785.21687275
1620777600,3700,4384.43,4179.77,3826.37,617506.79293758
1620864000,3525.62,4055.62,3826.37,3719.23,812296.19058095
1620950400,3695,4177.77,3719.22,4080.51,344804.82454669
1621036800,3632,4138,4080.51,3649.54,332664.12210277
1621123200,3334.88,3878.23,3648.16,3585.62,496714.18827206
1621209600,3101,3590,3584.79,3283.32,681492.46445778
1621296000,3241.06,3567.4,3283.32,3375.96,443596.42566946
1621382400,1860,3444.96,3376.98,2443.91,1664158.9063247
1621468800,2156,2999.99,2443.91,2775.07,1050830.69730324
1621555200,2105,2950,2775.06,2434.86,936011.86609611
1621641600,2156,2486.29,2434.86,2297.19,665111.58789821
1621728000,1728,2382,2296.68,2099.58,1045012.76021567
1621814400,2072.15,2678.25,2100.07,2651.24,860939.09041545
1621900800,2383.39,2768,2651.57,2707.56,725633.89598362
1621987200,2647.21,2913.68,2707.75,2889.84,532990.73904717
1622073600,2639.32,2893.96,2889.43,2745.51,380707.48775302
1622160000,2329.2,2762.91,2745.25,2413.81,657497.5191979
1622246400,2207.74,2574.86,2413.28,2280.72,496783.55299687
1622332800,2182.2,2480.69,2280.78,2387.66,388966.15183724
1622419200,2275.22,2720,2387.65,2707.12,400639.23849696
1622505600,2527.88,2748,2707.87,2634.42,341435.04494495
1622592000,2552.28,2803,2634.46,2706.64,268753.93459884
1622678400,2663.02,2890,2706.87,2856.68,254235.89167581
1622764800,2554.39,2859.85,2856.73,2690.68,294466.9594428
1622851200,2552.18,2816.92,2691.13,2629.75,228143.70836692
1622937600,2615,2745.36,2629.45,2710.97,122420.16649011
1623024000,2575,2849.15,2710.97,2592.47,267934.37140931
1623110400,2306.52,2621.91,2592.47,2509.11,451505.06172677
1623196800,2406.33,2628.16,2509.1,2611.27,291643.03769418
1623283200,2428.16,2625,2611.4,2471.59,181679.49879048
1623369600,2322.16,2499.34,2471.59,2355.27,189880.6813896
1623456000,2257.07,2452.58,2355.11,2371.49,177293.96771257
1623542400,2309.67,2550,2371.85,2510.23,172712.48563163
1623628800,2461.63,2609.02,2510.22,2582.86,169626.35302782
1623715200,2506.23,2640,2582.45,2543.58,168529.3479128
1623801600,2351.01,2555,2543.57,2367.73,178257.28803783
1623888000,2306.35,2459.53,2368.24,2373.33,153637.62400874
1623974400,2125.12,2377.8,2373.33,2234.47,273328.22658507
1624060800,2162.72,2279,2234.8,2164.72,162828.91242019
1624147200,2042.5,2275.78,2165.13,2242.9,231871.91509491
1624233600,1864.5,2259.1,2242.89,1885.67,598655.07269099
1624320000,1700,1996.67,1885.49,1881.65,620163.37396399
1624406400,1823.97,2045,1881.24,1968.37,287217.09052056
1624492800,1884.77,2035.39,1968.36,1988.81,208623.5990145
1624579200,1792,2019.39,1988.81,1809.07,370739.74744615
1624665600,1717.41,1851.97,1809.07,1829.17,238207.16665611
1624752000,1807.89,1988.62,1829,1984.71,177413.91064922
1624838400,1957.24,2143.67,1984.84,2083.79,278261.98240028
1624924800,2074.53,2247.03,2083.99,2166.18,215702.68781407
1625011200,2089.16,2288,2165.64,2276.72,254873.14574192
1625097600,2072.06,2277.44,2276.74,2107.01,240720.57482006
1625184000,2017.07,2159.43,2107.75,2156,192127.19122379
1625270400,2113.18,2239.69,2156,2226.95,98666.79185779
1625356800,2190.56,2389.22,2227.46,2323.15,126325.73621254
1625443200,2160,2324.44,2323.27,2197.34,156103.9362224
1625529600,2195.02,2350,2197.34,2321.84,165693.46720418
1625616000,2294.16,2411.19,2322.2,2316.82,159702.0440841
1625702400,2084,2325.46,2317.64,2116.95,223830.00371273
1625788800,2050,2189.28,2116.3,2147.38,190883.32617917
1625875200,2075,2192.98,2147.38,2110.55,116594.48589325
1625961600,2081.51,2173.37,2110.56,2140.82,89340.97126887
1626048000,2002,2169,2141.45,2030.72,174561.37955667
1626134400,1917.4,2047.72,2030.74,1940.76,217891.77262081
1626220800,1865.5,2019.9,1940.34,1994.11,195351.53451543
1626307200,1880,2039.99,1994.12,1918.07,229477.74435019
1626393600,1850.15,1965.35,1918.99,1877.22,184221.68200937
1626480000,1847,1919,1877.22,1899.75,113724.29716977
1626566400,1878.67,1994.4,1899.75,1891.46,124679.10845278
1626652800,1805.47,1918.65,1891.46,1818.44,191611.5191467
1626739200,1718.41,1840.79,1818.45,1786.46,278984.79921803
1626825600,1754.27,2033.16,1786.51,1996.18,263702.46075895
1626912000,1948.68,2046.74,1996.21,2024.75,196355.49626351
1626998400,1995,2131.51,2024.75,2125.81,177278.18951605
1627084800,2107.13,2200,2125.82,2185.95,151102.52474975
1627171200,2108.08,2197.05,2186.76,2193.03,129013.98912781
1627257600,2172.99,2437.99,2192.38,2228.26,427763.06726806
1627344000,2152,2321,2228.71,2300.59,253782.97390467
1627430400,2245.1,2347.88,2300.28,2300.42,205833.21106135
1627516800,2267.78,2399.99,2300.76,2383.32,172925.7166805
1627603200,2317.51,2474.82,2383.47,2463.9,222140.744211
1627689600,2422.31,2555,2463.88,2533.74,134549.11974341
1627776000,2511.5,2699,2533.54,2555.43,260742.0604239
1627862400,2503.7,2666.36,2555.99,2608.12,234264.49105555
1627948800,2445.58,2633,2608.12,2508.31,237814.06443089
1628035200,2455.94,2771.42,2508.16,2724.71,250129.62895073
1628121600,2530.69,2845,2724.71,2829.35,326176.98753449
1628208000,2721,2949.21,2829.49,2892.98,283374.42059615
1628294400,2866.58,3173.72,2892.83,3163.09,299359.36243726
1628380800,2948.76,3191.99,3163.09,3014.13,244654.45876056
1628467200,2892.5,3190,3014.12,3162.34,315853.32665056
1628553600,3051,3235.1,3162.33,3142.09,223500.03188943
1628640000,3122.22,3275,3142.18,3162.61,194586.91786387
1628726400,2980,3239.69,3162.16,3047.21,243214.90148817
1628812800,3034.52,3330,3047.21,3324.51,190905.3520745
1628899200,3206.96,3333,3324.51,3266.52,118892.50906903
1628985600,3112.96,3323.54,3266.52,3310.93,162311.47927523
1629072000,3135,3341.47,3311.02,3146.6,177756.89052157
1629158400,2992.15,3293.15,3146.6,3011.01,246541.89921532
1629244800,2951,3126.51,3011.77,3014.38,193245.63285215
1629331200,2960,3187.48,3014.38,3184.21,161902.28879318
1629417600,3178.65,3300,3184.32,3286.58,173202.49961989
1629504000,3206.96,3311,3286.82,3226.73,108432.72740463
1629590400,3128.82,3275,3226.38,3241.42,98417.87656735
1629676800,3233.19,3378.6,3241.41,3323.12,170976.09020067
1629763200,3133.45,3360,3322.76,3171.52,162665.07930976
1629849600,3079.92,3249,3170.94,3228.51,138830.69124351
1629936000,3056,3251.05,3228.51,3093.2,140286.63490594
1630022400,3050,3283.26,3092.71,3274.67,168913.62309989
1630108800,3212.01,3290.51,3275.32,3247.99,72183.42536015
1630195200,3153.75,3287.73,3247.99,3226.46,89119.39624772
1630281600,3145.45,3349,3226.45,3229.01,219625.56218696
1630368000,3190.56,3486.8,3229.02,3430.23,320212.11999266
1630454400,3384.24,3843.12,3430,3829.39,306568.70086335
1630540800,3722.65,3838.28,3829.29,3787.97,206168.93909873
1630627200,3710.59,4030.35,3788.2,3940.06,284766.1603865
1630713600,3834.57,3970,3940.06,3887.53,130047.41569531
1630800000,3835.7,3982.64,3887.58,3952.17,101339.56157838
1630886400,3868,3973.27,3951.68,3928.89,111675.62991707
1630972800,3009,3948,3928.72,3436.96,482489.77503547
1631059200,3216,3562.98,3436.75,3500.34,352658.69072643
1631145600,3393.17,3568.59,3499.54,3424.95,244244.24892658
1631232000,3142.67,3514.37,3424.32,3209.82,271075.68986114
1631318400,3199.88,3349.43,3209.29,3266.77,133373.86127026
1631404800,3231.75,3472.99,3266.97,3403.75,133979.51978513
1631491200,3111.14,3430,3403.81,3286.2,215497.91819641
1631577600,3270.74,3439.15,3285.66,3436.29,152957.54148077
1631664000,3359.96,3621.15,3436.29,3615.65,157550.50123984
1631750400,3482.97,3675.92,3615.68,3568.66,193709.08937556
1631836800,3350.06,3595,3568.77,3400,164813.94731616
1631923200,3369.53,3543,3400,3436.31,129386.37129349
1632009600,3278,3457.22,3436.59,3328.59,93362.31450909
1632096000,2911.81,3346.58,3328.7,2976.48,434236.7826118
1632182400,2651,3104.82,2976.36,2765.69,441567.8736938
1632268800,2738.24,3090.83,2765.33,3078.43,271497.54590784
1632355200,3035.83,3182.34,3078.42,3154.62,166485.49300907
1632441600,2735,3160.48,3154.42,2930.61,365024.83204626
1632528000,2800.01,2968.85,2930.59,2924.01,145561.52444175
1632614400,2741.34,3117.48,2923.91,3060.71,168746.48142334
1632700800,2925,3168.03,3059.92,2925.27,172472.29785812
1632787200,2782.6,2971.16,2926.27,2805.65,186331.02775653
1632873600,2781.99,2950.6,2805.64,2850.14,177979.48195163
1632960000,2836.21,3048.58,2849.71,3000.46,169873.45079422
1633046400,2967.41,3337.15,3001.14,3311.16,201035.51345113
1633132800,3258.94,3469.95,3311.2,3387.82,144778.38450029
1633219200,3343.36,3489.18,3388.67,3420.07,124271.04864619
1633305600,3269.67,3438.91,3419.63,3387.2,163829.62677831
1633392000,3365.34,3547.88,3386.9,3515.3,163084.66881477
1633478400,3342.16,3632.44,3517.26,3575.85,219116.78797009
1633564800,3471.52,3655.02,3576.45,3588.51,195554.94828114
1633651200,3535,3670,3588.83,3563.96,146564.44707403
1633737600,3538.61,3634.13,3563.96,3575.83,88782.58533301
1633824000,3406.44,3605.49,3575.2,3415,112835.1020128
1633910400,3373.45,3625,3414.75,3542.37,142525.70987846
1633996800,3403.51,3549,3542.2,3490.61,176617.45185163
1634083200,3412.45,3614.48,3490.17,3608.21,158955.26821205
1634169600,3588.55,3828.84,3608.43,3791.66,216569.69208772
1634256000,3734.44,3900,3791.06,3869.73,204682.20802319
1634342400,3802,3968.49,3869.73,3829.66,130674.36831436
1634428800,3643,3919,3829.7,3847.18,134515.91092357
1634515200,3676.35,3894.7,3847.38,3745.48,187448.53280815
1634601600,3700,3890.36,3745.13,3878.17,154012.15326702
1634688000,3829.59,4169,3878.35,4161.94,235728.75520251
1634774400,4010.22,4374.95,4161.83,4053.9,286201.83773073
1634860800,3885.25,4169.72,4053.97,3971.55,187484.20093549
1634947200,3935.92,4172.04,3971.89,4168.56,109253.57167984
1635033600,3962.05,4188.42,4168.53,4082.64,126731.47064484
1635120000,4069.22,4236.27,4082.09,4220.93,145753.84102089
1635206400,4091.31,4297,4221.16,4131.47,169619.87486465
1635292800,3911,4314.63,4132.19,3923.94,279555.38152718
1635379200,3889.05,4299,3925.26,4288.26,257149.82955488
1635465600,4266.91,4461.96,4288.25,4421.23,257148.94601167
1635552000,4236.99,4435,4421.23,4324.67,123410.59442713
1635638400,4168.1,4395.99,4325.55,4290.16,148206.08981334
1635724800,4151,4385.16,4290.31,4322.89,165298.66872401
1635811200,4287.32,4604.99,4322.89,4595.01,217839.79309642
1635897600,4456,4671,4594.27,4606.07,213935.75674438
1635984000,4423.01,4610.24,4606.07,4537.15,182872.96131449
1636070400,4446.01,4574,4537.14,4479.47,142403.14739608
1636156800,4329.21,4534.43,4479.47,4523.16,107961.55343832
1636243200,4506.99,4639.8,4523.73,4617.02,85312.85613745
1636329600,4616.5,4825,4617.27,4811.9,163884.29350308
1636416000,4697.9,4842.54,4811.89,4731.59,154525.60456333
1636502400,4460,4867.81,4731.58,4632.22,249949.62441734
1636588800,4578.05,4783.05,4632.23,4721.87,112248.30258781
1636675200,4508.42,4809.27,4721.07,4667.34,160383.45748095
1636761600,4586.8,4708.6,4667.79,4644.44,76568.33646209
1636848000,4516.05,4695.07,4644.43,4627.03,96933.07064437
1636934400,4541,4770,4626.61,4565.06,121693.76091856
1637020800,4108,4564.98,4564.34,4209.5,309826.45957038
1637107200,4068.24,4300.01,4209.89,4289.4,197969.47328462
1637193600,3960,4346.42,4289.4,3997.93,291477.64786245
1637280000,3975.24,4314.82,3998.57,4299.55,191232.56135587
1637366400,4206.03,4438.96,4299.55,4416.69,96882.12097892
1637452800,4246.07,4427.72,4416.36,4262.99,83775.31676078
1637539200,4024.45,4322.86,4263.04,4089.16,174572.98932477
1637625600,4062.28,4389.95,4089.17,4341.62,159935.23797902
1637712000,4168.99,4359.88,4341.58,4270.74,120268.67729032
1637798400,4250,4555.11,4270.93,4525.87,132338.28173546
1637884800,3915,4555.53,4527.03,4043.67,324817.57682312
1637971200,4031.56,4186.97,4043.62,4098.31,93299.56271946
1638057600,3950,4303.35,4098.53,4298.38,124752.71262005
1638144000,4282.07,4466,4298.38,4449.42,170935.20731881
