time,last_low,last_high,last_open,last_close,last_volume,current_open,target_close,period_return,target_trade,profit
1576713600,,,,,,132.89,128.18,-0.035442847467830385,-1,4.5385211242380725
1576800000,125.68,134.11,132.89,128.18,93934.20288922,128.18,128.37,0.0014822905289436552,1,0.19009135356529652
1576886400,125.71,129.32,128.18,128.37,44379.22091837,128.36,127.09,-0.009894047990028125,-1,1.256177124493622
1576972800,126.63,128.45,128.36,127.09,25941.74023594,127.16,132.4,0.04120792702107588,1,5.450473608052857
1577059200,126.89,133.22,127.16,132.4,40439.9594125,132.4,127.78,-0.03489425981873115,-1,4.454329731117829
1577145600,126.16,135.24,132.4,127.78,62248.12241615,127.75,127.71,-0.0003131115459883073,0,-0.0
1577232000,126.5,129.5,127.75,127.71,34976.25422744,127.67,125.0,-0.020913292081146718,-1,2.6115473486331964
1577318400,123.16,127.77,127.67,125.0,45117.58085216,125.0,125.49,0.003919999999999959,1,0.49142887919999484
1577404800,124.06,132.06,125.0,125.49,51891.10919615,125.49,126.23,0.005896884213881657,1,0.7436193306239632
1577491200,122.15,126.7,125.49,126.23,39780.97303035,126.23,127.91,0.013309039055691932,1,1.7006568264279414
1577577600,125.8,129.6,126.23,127.91,47036.68791942,127.95,134.3,0.04962876123485743,1,6.658477491207512
1577664000,127.22,137.85,127.95,134.3,64885.83350862,134.31,131.1,-0.02389993299084214,-1,3.130147933884305
1577750400,129.79,135.97,134.31,131.1,58811.72784574,131.08,128.54,-0.01937747940189213,-1,2.4882904211168952
1577836800,127.6,133.19,131.08,128.54,85044.39188554,128.54,130.19,0.012836471137389185,1,1.6695089971993213
1577923200,128.12,132.68,128.54,130.19,57512.49500629,130.14,126.81,-0.02558782849239269,-1,3.2415477385891966
1578009600,125.83,130.18,130.14,126.81,49211.56901537,126.81,134.17,0.05803958678337659,1,7.779384187366911
1578096000,125.52,134.93,126.81,134.17,88651.89284841,134.17,134.14,-0.00022359692926884653,0,-0.0
1578182400,132.5,135.75,134.17,134.14,31254.84712421,134.14,135.31,0.008722230505442194,1,1.179024804681692
1578268800,134.14,138.97,134.14,135.31,45353.69311227,135.31,144.19,0.06562707856034287,1,9.453305689158222
1578355200,134.78,144.51,135.31,144.19,91523.60992709,144.2,143.08,-0.007766990291261971,-1,1.110189669902889
1578441600,138.79,145.25,144.2,143.08,96525.42253821,143.08,140.6,-0.017332960581492998,-1,2.4345772435001574
1578528000,137.03,148.0,143.08,140.6,101682.09291578,140.64,137.71,-0.020833333333333183,-1,2.866089374999979
1578614400,135.12,141.38,140.64,137.71,61184.99933797,137.72,144.72,0.05082776648271856,1,7.348438571013651
1578700800,135.26,145.81,137.72,144.72,137620.99823131,144.89,142.63,-0.015598039892332053,-1,2.222523681413477
1578787200,142.0,148.0,144.89,142.63,52850.50876755,142.51,146.6,0.02869974036909693,1,4.203174556171501
1578873600,141.83,146.6,142.51,146.6,35450.66532334,146.55,143.51,-0.020743773456158444,-1,2.973961989764605
1578960000,142.1,147.0,146.55,143.51,44072.65864059,143.5,165.76,0.15512195121951214,1,25.687301619512183
1579046400,143.45,170.83,143.5,165.76,258408.61594025,165.74,166.29,0.0033184505852539093,1,0.5512733226740506
1579132800,159.13,172.18,165.74,166.29,165292.68609565,166.27,163.93,-0.014073494917904633,-1,2.3047609538702143
1579219200,158.17,167.28,166.27,163.93,88188.75031049,164.0,169.59,0.03408536585365856,1,5.774756657926833
1579305600,162.01,174.52,164.0,169.59,134919.66648757,169.54,174.06,0.026660375132712105,1,4.635864390704269
1579392000,164.92,179.32,169.54,174.06,113052.32285408,174.05,166.75,-0.04194197069807533,-1,6.986829790290157
1579478400,161.7,178.0,174.05,166.75,113433.68959115,166.67,166.68,5.999880002411548e-05,0,0.0
1579564800,161.1,169.3,166.67,166.68,66340.77435099,166.66,169.19,0.015180607224288978,1,2.565838529341175
1579651200,164.28,170.0,166.66,169.19,61518.4955582,169.29,167.68,-0.009510307755921705,-1,1.5930937161084384
1579737600,165.65,171.05,169.29,167.68,49452.51856158,167.73,162.4,-0.03177726107434558,-1,5.155466571275249
1579824000,158.44,167.79,167.73,162.4,69309.04423236,162.49,162.3,-0.0011693027263216058,-1,0.18958805464951464
1579910400,154.48,164.21,162.49,162.3,88510.10066684,162.31,160.12,-0.013492699155936157,-1,2.158290537859649
1579996800,157.4,162.41,162.31,160.12,36677.5237579,160.0,167.35,0.045937499999999964,1,7.679952984374994
1580083200,159.09,167.59,160.0,167.35,44653.7353865,167.58,169.77,0.013068385248836361,1,2.2164011439312543
1580169600,164.89,171.7,167.58,169.77,84463.87778454,169.78,175.99,0.03657674637766526,1,6.430704453410304
1580256000,169.78,176.5,169.78,175.99,102264.17475594,175.91,173.45,-0.013984423853106748,-1,2.4231727190040435
1580342400,173.13,178.31,175.91,173.45,85409.92407361,173.41,184.55,0.0642408165619054,1,11.843787053803144
1580428800,170.0,186.89,173.41,184.55,104426.47390742,184.52,179.74,-0.025905050942987215,-1,4.65151768263603
1580515200,175.0,185.68,184.52,179.74,108639.77662455,179.72,183.5,0.021032717560649908,1,3.855644168706879
1580601600,179.0,184.2,179.72,183.5,65650.16851655,183.49,188.29,0.02615946373099342,1,4.920639860482842
1580688000,178.98,193.52,183.49,188.29,96138.84421015,188.22,189.42,0.00637551801083832,1,1.2064429709913815
1580774400,186.25,195.21,188.22,189.42,89093.19595622,189.41,188.24,-0.0061770761839395364,-1,1.1616100480439135
1580860800,184.29,191.37,189.41,188.24,89059.71463466,188.25,204.0,0.08366533864541832,1,17.050661354581674
1580947200,186.89,207.93,188.25,204.0,143938.17466042,204.01,212.95,0.04382138130483799,1,9.322431385716385
1581033600,200.54,216.49,204.01,212.95,162316.43667648,212.94,223.22,0.048276509814971356,1,10.765506238377009
1581120000,212.94,224.78,212.94,223.22,161651.51487279,223.22,223.37,0.0006719827972404162,0,0.0
1581206400,213.24,228.4,223.22,223.37,137475.60159995,223.36,228.8,0.024355300859598843,1,5.56692034383954
1581292800,223.16,230.9,223.36,228.8,111211.55092349,228.8,222.85,-0.02600524475524483,-1,5.789473524912603
1581379200,216.31,229.6,228.8,222.85,106485.3898759,222.86,237.98,0.06784528403481996,1,16.129674873911846
1581465600,217.83,239.92,222.86,237.98,174444.85728588,237.99,266.49,0.11975293079541156,1,31.88104556914156
1581552000,237.95,276.15,237.99,266.49,293996.34960631,266.63,268.42,0.006713423095675733,1,1.8002150103139392
1581638400,253.75,278.01,266.63,268.42,264197.24736242,268.37,286.27,0.06669896039050556,1,19.074817479599037
1581724800,260.13,287.98,268.37,286.27,191566.74315799,285.95,264.92,-0.07354432593110674,-1,19.46387946284313
1581811200,261.35,290.0,285.95,264.92,251243.79219334,264.83,258.5,-0.023902125892081655,-1,6.172520843560005
1581897600,236.37,274.0,264.83,258.5,248679.14437688,258.58,268.03,0.03654574986464533,1,9.785561978884665
1581984000,242.36,269.0,258.58,268.03,204959.48476961,268.2,283.31,0.056338553318419145,1,15.945314265100686
1582070400,259.24,286.87,268.2,283.31,211662.70708459,283.34,258.66,-0.08710383285099157,-1,22.507747127832246
1582156800,250.0,287.13,283.34,258.66,239803.85463207,258.51,257.4,-0.00429383776256243,-1,1.1041286062434856
1582243200,245.25,264.26,258.51,257.4,203271.5155604,257.2,265.8,0.03343701399688967,1,8.878670762052902
1582329600,254.1,268.71,257.2,265.8,136892.24699258,265.79,262.08,-0.013958388201211619,-1,3.654556165393767
1582416000,256.3,267.04,265.79,262.08,63814.59112412,261.94,275.48,0.05169122699854937,1,14.22565931434682
1582502400,261.53,276.62,261.94,275.48,104405.13989679,275.48,265.31,-0.0369173805720924,-1,9.784755689342253
1582588800,256.06,278.13,275.48,265.31,197775.66826806,265.53,246.5,-0.07166798478514659,-1,17.648492091289096
1582675200,244.44,266.24,265.53,246.5,152709.51365655,246.28,223.5,-0.09249634562286828,-1,20.65226031346435
1582761600,215.33,250.84,246.28,223.5,404352.61565839,223.78,227.63,0.017204397175797633,1,3.9123206921976883
1582848000,209.26,239.0,223.78,227.63,342714.17971542,227.6,227.37,-0.0010105448154656845,-1,0.22953780711774027
1582934400,213.63,234.9,227.6,227.37,258340.98757632,227.13,217.31,-0.04323515167525203,-1,9.386035379738468
1583020800,216.83,233.32,227.13,217.31,93401.32179224,217.36,217.26,-0.00046006624954003834,0,-0.0
1583107200,211.5,227.99,217.36,217.26,144339.90935814,217.34,232.12,0.06800404895555351,1,15.769314743719518
1583193600,215.75,234.5,217.34,232.12,189047.53250784,232.12,223.75,-0.03605893503360333,-1,8.060118527054975
1583280000,220.0,232.92,232.12,223.75,173987.90547375,223.72,224.56,0.0037546933667084005,1,0.8423107884856104
1583366400,220.39,228.83,223.72,224.56,106846.75811775,224.49,228.64,0.01848634683059369,1,4.222491621007594
1583452800,224.49,234.47,224.49,228.64,160025.91518532,228.6,245.56,0.07419072615923013,1,18.200056440944888
1583539200,227.77,245.84,228.6,245.56,140307.21140132,245.53,237.75,-0.031686555614385215,-1,7.525945118722764
1583625600,236.67,253.01,245.53,237.75,147025.87399131,237.75,199.46,-0.16105152471083067,-1,32.09121378170346
1583712000,196.0,237.75,237.75,199.46,293962.39516435,199.51,202.77,0.016340033081048668,1,3.3099552393363942
1583798400,189.85,208.65,199.51,202.77,461839.12853606,202.76,200.5,-0.01114618267902935,-1,2.232574817518239
1583884800,195.17,206.28,202.76,200.5,184956.93858031,200.63,194.61,-0.030005482729402292,-1,5.833527626975011
1583971200,181.0,202.98,200.63,194.61,240340.20653555,194.62,110.3,-0.4332545473229884,-1,47.7401885931559
1584057600,101.22,195.64,194.62,110.3,1290935.34805301,110.3,135.51,0.22855847688123296,1,30.9409872429737
1584144000,90.0,148.0,110.3,135.51,1322282.9798003,135.44,122.17,-0.09797696396928526,-1,11.957875842439453
1584230400,120.71,135.9,135.44,122.17,284672.85934781,122.11,123.3,0.009745311604291195,1,1.2003953238882952
1584316800,119.84,134.1,122.11,123.3,438391.83520594,123.33,111.38,-0.09689451066245036,-1,10.781318486986137
1584403200,100.5,123.75,123.33,111.38,891238.58022214,111.36,116.09,0.042474856321839116,1,4.9259751643319
1584489600,109.66,121.49,111.36,116.09,418552.55664492,116.06,118.6,0.021885231776667173,1,2.5929929002240137
1584576000,110.18,118.88,116.06,118.6,306306.60980115,118.59,136.68,0.15254237288135597,1,20.82864203389831
1584662400,115.72,144.44,118.59,136.68,486951.21183315,136.65,133.27,-0.024734723746798356,-1,3.2931002371020814
1584748800,115.51,154.0,136.65,133.27,626525.45202553,133.35,132.79,-0.004199475065616815,-1,0.5570906456692937
1584835200,125.84,137.64,133.35,132.79,259380.31056445,132.79,122.42,-0.07809322991189088,-1,9.550613032607869
1584921600,120.9,137.38,132.79,122.42,261957.09352208,122.31,137.0,0.12010465211348212,1,16.437883002207503
1585008000,119.2,138.0,122.31,137.0,392334.34456747,137.0,139.0,0.014598540145985401,1,2.027167883211679
1585094400,133.04,144.16,137.0,139.0,328276.63196021,138.95,136.26,-0.019359481827995666,-1,2.6352850708888065
1585180800,132.5,142.79,138.95,136.26,228043.63383605,136.35,139.0,0.01943527686101948,1,2.698801980198026
1585267200,133.52,140.36,136.35,139.0,168611.79605607,139.0,131.56,-0.053525179856115095,-1,7.034730889208632
1585353600,130.0,142.5,139.0,131.56,173786.92012003,131.56,131.35,-0.0015962298570994828,-1,0.20945512693828705
1585440000,125.01,133.8,131.56,131.35,172811.93639922,131.36,124.35,-0.0533647990255787,-1,6.629276846071881
1585526400,123.72,132.18,131.36,124.35,93067.42014241,124.43,132.32,0.063409145704412,1,8.381907861448187
1585612800,124.05,135.48,124.43,132.32,154018.23932986,132.3,133.08,0.005895691609977332,1,0.7838140408163277
1585699200,130.45,135.35,132.3,133.08,86613.22974083,133.08,136.14,0.022993688007213506,1,3.127230324616744
1585785600,128.6,137.4,133.08,136.14,99102.5178578,136.14,141.53,0.0395915968855591,1,5.597795308505966
1585872000,135.5,150.5,136.14,141.53,214501.14100152,141.48,141.54,0.00042408821034776843,0,0.0
1585958400,138.0,146.81,141.48,141.54,120557.4337924,141.48,144.48,0.02120441051738762,1,3.0605496183206107
1586044800,139.04,146.69,141.48,144.48,85410.10645987,144.49,142.79,-0.011765520105197708,-1,1.6783186172053595
1586131200,140.81,145.98,144.49,142.79,64777.90082877,142.79,171.5,0.2010645003151482,1,34.44807924224387
1586217600,142.79,172.19,142.79,171.5,398555.26124929,171.56,164.57,-0.040743763114945264,-1,6.698495894730716
1586304000,161.47,176.82,171.56,164.57,533130.95121358,164.54,173.36,0.053603986872493146,1,9.283494377051198
1586390400,163.49,174.77,164.54,173.36,192588.6023951,173.43,169.75,-0.021218935593611293,-1,3.5983124026985016
1586476800,165.32,173.55,173.43,169.75,165254.80474587,169.71,158.1,-0.06841081845501157,-1,10.804934647339591
1586563200,152.3,170.39,169.71,158.1,258810.1653336,158.1,158.55,0.0028462998102467872,1,0.45082955407971353
1586649600,154.2,161.5,158.1,158.55,96587.83228092,158.68,158.87,0.0011973783715654002,1,0.19003727438870455
1586736000,155.31,165.45,158.68,158.87,133037.62244785,158.82,156.76,-0.012970658607228324,-1,2.031247162825843
1586822400,149.7,159.44,158.82,156.76,233848.97745777,156.76,158.65,0.012056647103853119,1,1.910874275963271
1586908800,155.56,163.0,156.76,158.65,198839.23382124,158.68,152.77,-0.03724476934711367,-1,5.6841935297453965
1586995200,152.17,161.5,158.68,152.77,142489.51028959,152.76,172.55,0.1295496203194555,1,22.331433199135923
1587081600,148.08,175.2,152.76,172.55,376129.26054849,172.58,170.89,-0.009792559972186962,-1,1.6717771230733827
1587168000,168.5,175.1,172.58,170.89,136537.58680864,170.85,187.88,0.0996780801872988,1,18.70879018788411
1587254400,170.69,191.22,170.85,187.88,320092.58324239,187.85,180.39,-0.03971253659834979,-1,7.156580732499342
1587340800,176.53,189.92,187.85,180.39,194900.14018716,180.28,170.5,-0.05424894608386954,-1,9.240195861992458
1587427200,166.4,186.67,180.28,170.5,280053.96893369,170.39,171.07,0.003990844533129919,1,0.6820310605082527
1587513600,168.44,174.93,170.39,171.07,169875.06657111,171.05,183.11,0.07050570008769366,1,12.897388444314531
1587600000,170.02,184.41,171.05,183.11,178433.47878367,183.1,185.66,0.01398143091206992,1,2.593196670671766
1587686400,178.44,194.86,183.1,185.66,271745.32794126,185.65,187.84,0.011796391058443295,1,2.213618262321571
1587772800,184.97,189.91,185.65,187.84,125300.66822971,187.92,194.42,0.034589186888037464,1,6.71810488505747
1587859200,185.97,198.2,187.92,194.42,147021.91304917,194.42,197.83,0.017539347803724025,1,3.4663393668347133
1587945600,192.54,200.0,194.42,197.83,134905.32156149,197.8,196.78,-0.005156723963599647,-1,1.0137254014155814
1588032000,189.6,199.41,197.8,196.78,165535.9963748,196.88,196.67,-0.0010666395774075984,-1,0.2095662296830636
1588118400,192.5,197.95,196.88,196.67,105608.41827873,196.64,215.66,0.09672497965825881,1,20.838849403986995
1588204800,196.64,219.59,196.64,215.66,377357.2932836,215.74,206.23,-0.044080838045795954,-1,9.081700438954314
1588291200,202.3,227.5,215.74,206.23,410315.64169167,206.22,212.09,0.028464746387353333,1,6.031050973232475
1588377600,206.18,217.58,206.22,212.09,153088.48477931,212.08,214.25,0.010231987929083305,1,2.1900112103922917
1588464000,210.57,215.59,212.08,214.25,86048.74335239,214.25,210.24,-0.018716452742123645,-1,3.931012077479571
1588550400,205.28,219.48,214.25,210.24,145164.74879656,210.24,206.86,-0.016076864535768624,-1,3.3223345376712285
1588636800,195.17,210.96,210.24,206.86,209514.67319864,207.02,205.43,-0.007680417350980598,-1,1.5762103482755325
1588723200,201.33,212.17,207.02,205.43,126463.17604265,205.5,199.26,-0.03036496350364968,-1,6.044472105109497
1588809600,198.18,211.21,205.5,199.26,172142.53654051,199.1,212.47,0.06715218483174287,1,14.253556886489207
1588896000,196.82,215.99,199.1,212.47,259914.56415047,212.5,211.59,-0.004282352941176454,-1,0.9051969557647024
1588982400,207.2,217.0,212.5,211.59,156564.17053734,211.65,210.0,-0.007795889440113422,-1,1.6354996456413948
1589068800,208.27,214.79,211.65,210.0,120178.88081369,210.06,187.73,-0.10630296105874518,-1,19.93629862467867
1589155200,180.01,210.06,210.06,187.73,479238.22296594,187.65,185.93,-0.009166000532907002,-1,1.7025302446043156
1589241600,176.43,193.77,187.65,185.93,266403.27205753,185.93,190.1,0.022427795406873487,1,4.259260382939803
1589328000,185.79,192.89,185.93,190.1,114408.63558372,189.93,199.92,0.052598325698941614,1,10.504941816458675
1589414400,188.36,201.59,189.93,199.92,145067.37490257,199.92,203.4,0.01740696278511414,1,3.5370356542617234
1589500800,195.7,206.25,199.92,203.4,169935.22065409,203.4,194.7,-0.042772861356932236,-1,8.319548230088511
1589587200,191.35,204.3,203.4,194.7,145885.04950668,194.66,200.53,0.03015514229939384,1,6.040963674612149
1589673600,193.24,203.36,194.66,200.53,89046.63238362,200.5,207.05,0.03266832917705741,1,6.757213578553627
1589760000,199.1,210.0,200.5,207.05,114512.3105608,207.05,214.97,0.03825163004105282,1,8.2147299570152
1589846400,206.99,216.99,207.05,214.97,163043.28096713,214.86,214.71,-0.0006981290142418583,0,-0.0
1589932800,209.22,215.84,214.86,214.71,98910.17410947,214.8,209.96,-0.02253258845437618,-1,4.726211329608942
1590019200,205.1,215.5,214.8,209.96,104103.82197937,209.95,198.62,-0.05396522981662293,-1,10.707855372231469
1590105600,191.27,211.52,209.95,198.62,179532.29834323,198.61,207.32,0.04385479079603232,1,9.082883252605587
1590192000,196.12,209.28,198.61,207.32,129598.18331979,207.3,206.66,-0.003087313072841364,-1,0.6373860955137628
1590278400,204.56,211.3,207.3,206.66,67466.85940148,206.61,199.63,-0.03378345675427142,-1,6.737447280383348
1590364800,199.3,210.67,206.61,199.63,106095.09791687,199.63,204.06,0.022191053448880463,1,4.523778060411769
1590451200,198.01,205.71,199.63,204.06,81997.29845547,204.13,200.91,-0.01577426150002449,-1,3.16603767109195
1590537600,196.65,205.03,204.13,200.91,100703.87164821,200.87,208.41,0.037536715288495004,1,7.815203806441969
1590624000,200.76,208.48,200.87,208.41,77179.58901738,208.41,220.44,0.05772275802504679,1,12.711680374262274
1590710400,204.5,220.68,208.41,220.44,146497.83268041,220.39,220.62,0.0010436045192613922,1,0.2300097890104089
1590796800,217.52,224.84,220.39,220.62,135620.52543794,220.55,243.84,0.10559963727046018,1,25.723666136476982
1590883200,218.33,247.36,220.55,243.84,254679.91896954,243.85,231.54,-0.050481853598523696,-1,11.676879813819973
1590969600,229.46,245.46,243.85,231.54,162582.98189044,231.43,248.41,0.0733699174696452,1,18.207595377435933
1591056000,230.59,251.46,231.43,248.41,216373.63959941,248.42,237.71,-0.04311247081555422,-1,10.238017172127828
1591142400,225.6,253.6,248.42,237.71,270793.52134846,237.7,244.6,0.029028186790071544,1,7.093194194362648
1591228800,233.28,245.39,237.7,244.6,112638.13782506,244.59,243.18,-0.0057647491720838814,-1,1.4004698319636908
1591315200,236.17,246.73,244.59,243.18,159033.0192543,243.18,240.04,-0.012912246072867894,-1,3.096356091783878
1591401600,238.65,247.9,243.18,240.04,117168.70393642,240.04,241.92,0.007832027995334093,1,1.8928294884185923
1591488000,237.67,244.52,240.04,241.92,60101.61055226,241.92,244.81,0.011946097883597946,1,2.9215996986607298
1591574400,234.48,245.45,241.92,244.81,128372.56725763,244.79,246.55,0.007189836186118793,1,1.7708814575759009
1591660800,240.82,247.97,244.79,246.55,93327.75056481,246.55,244.03,-0.010221050496856662,-1,2.4917487097951834
1591747200,238.91,249.99,246.55,244.03,111405.53181014,244.04,248.16,0.01688247828224883,1,4.1853662547123465
1591833600,242.13,250.56,244.04,248.16,142311.15342422,248.27,230.15,-0.07298505659161399,-1,16.7807132637854
1591920000,225.2,250.26,248.27,230.15,240083.16277683,230.14,237.53,0.03211088902407237,1,7.619672170418022
1592006400,227.84,239.54,230.14,237.53,133036.84861839,237.57,238.17,0.002525571410531609,1,0.6009138275034669
1592092800,234.11,238.8,237.57,238.17,46315.99128011,238.18,231.34,-0.028717776471576133,-1,6.636926838525488
1592179200,229.75,238.59,238.18,231.34,108186.66771876,231.34,230.98,-0.0015561511195643367,-1,0.3590803458113735
1592265600,217.79,234.0,231.34,230.98,240181.57688417,230.96,235.34,0.018964322826463438,1,4.458600670245925
1592352000,228.78,236.02,230.96,235.34,86465.3143021,235.35,233.71,-0.006968345018058153,-1,1.6269433422562005
1592438400,227.5,237.0,235.35,233.71,89376.40701295,233.69,231.05,-0.011297017416235126,-1,2.6075656981471047
1592524800,227.37,234.5,233.69,231.05,64198.37536142,231.05,228.66,-0.0103440813676694,-1,2.362912367885754
1592611200,226.43,231.9,231.05,228.66,66279.2578057,228.67,228.8,0.000568504832291179,0,0.0
1592697600,225.5,230.67,228.67,228.8,44777.05564533,228.8,227.68,-0.004895104895104915,-1,1.1134029650349695
1592784000,226.86,231.29,228.8,227.68,44083.75435657,227.7,243.23,0.06820377689942908,1,16.572615450592888
1592870400,227.2,246.95,227.7,243.23,166917.79861423,243.24,243.12,-0.0004933399111988347,0,-0.0
1592956800,240.73,244.8,243.24,243.12,73617.26296542,243.08,234.44,-0.03554385387526746,-1,8.324568201415186
1593043200,230.66,249.04,243.08,234.44,145340.38961032,234.44,231.97,-0.010535744753455038,-1,2.441532733748506
1593129600,227.05,235.24,234.44,231.97,115681.75713751,231.94,229.44,-0.010778649650771752,-1,2.4705803224971974
1593216000,227.3,233.25,231.94,229.44,82611.98976703,229.45,220.76,-0.03787317498365656,-1,8.352521227282631
1593302400,215.16,231.1,229.45,220.76,131871.65434052,220.74,224.76,0.018211470508290212,1,4.089116901331865
1593388800,217.35,227.93,220.74,224.76,67155.35599069,224.94,227.81,0.012758957944340734,1,2.9037115910909623
1593475200,220.98,229.98,224.94,227.81,81211.44620718,227.81,225.48,-0.010227821430139205,-1,2.3038630068917203
1593561600,222.93,228.69,227.81,225.48,57678.36075887,225.5,231.03,0.024523281596452333,1,5.659948133481154
1593648000,224.11,232.77,225.5,231.03,91282.48097,231.15,226.48,-0.020203331170235848,-1,4.571074792991579
1593734400,222.78,232.15,231.15,226.48,89324.15323347,226.43,225.06,-0.006050435013028329,-1,1.3603491931281235
1593820800,224.31,228.26,226.43,225.06,67562.68650168,224.98,229.34,0.01937950040003562,1,4.440050127122425
1593907200,224.5,231.04,224.98,229.34,50798.99631699,229.34,227.67,-0.007281765064969111,-1,1.656181612889176
1593993600,223.5,229.93,229.34,227.67,45635.09435721,227.62,241.65,0.0616378174149899,1,14.879883799753978
1594080000,227.08,241.99,227.62,241.65,140881.46531449,241.71,239.37,-0.009681022713168686,-1,2.315029060444337
1594166400,234.55,243.82,241.71,239.37,84359.1623332,239.37,247.14,0.03246020804612099,1,8.014193600701823
1594252800,237.91,249.0,239.37,247.14,135216.77486401,247.11,242.0,-0.020679049815871528,-1,4.999325725385469
1594339200,237.04,247.67,247.11,242.0,107698.9573371,242.0,241.2,-0.0033057851239669893,-1,0.796558016528937
1594425600,235.56,242.12,242.0,241.2,71281.88112286,241.26,239.17,-0.008662853353228896,-1,2.069822741855263
1594512000,237.43,241.58,241.26,239.17,38867.95249326,239.18,242.81,0.015176854252027742,1,3.6814068889539215
1594598400,236.51,243.9,239.18,242.81,61521.88398572,242.81,239.44,-0.013879164779045362,-1,3.3199039874799268
1594684800,236.97,245.37,242.81,239.44,123671.07492457,239.25,240.43,0.004932079414838064,1,1.1846340338558061
1594771200,236.66,242.01,239.25,240.43,70522.17530535,240.4,238.33,-0.00861064891846919,-1,2.050123780782023
1594857600,236.36,241.44,240.4,238.33,116172.66592129,238.35,233.41,-0.020725823368995165,-1,4.832776818124604
1594944000,229.77,239.16,238.35,233.41,143676.50946975,233.47,232.63,-0.0035978926628689057,-1,0.8361407923930303
1595030400,230.87,234.55,233.47,232.63,77645.60947152,232.59,235.72,0.013457156369577348,1,3.1689487785373354
1595116800,232.24,236.97,232.59,235.72,48348.08464248,235.69,239.17,0.014765157622300436,1,3.5278513657770696
1595203200,233.28,240.0,235.69,239.17,47600.88537256,239.26,236.1,-0.01320738945080664,-1,3.115146384686112
1595289600,233.85,239.8,239.26,236.1,75335.42836551,236.12,245.65,0.04036083347450449,1,9.904724104269016
1595376000,235.77,247.18,236.12,245.65,132078.78763576,245.64,264.28,0.07588340661130104,1,20.034412232535402
1595462400,241.62,269.49,245.64,264.28,152721.59642151,264.28,275.68,0.04313606780687163,1,11.879859421825374
1595548800,260.1,282.6,264.28,275.68,309092.34216714,275.56,279.59,0.014624764116707696,1,4.084848861590914
1595635200,268.39,287.8,275.56,279.59,180943.23090308,279.66,305.66,0.09297003504255166,1,28.38880369019524
1595721600,279.62,310.0,279.66,305.66,245086.41093138,305.55,311.35,0.018982163312060256,1,5.904186450662751
1595808000,300.21,319.86,305.55,311.35,238205.01599146,311.43,322.24,0.03471084995022959,1,11.174039063674021
1595894400,311.38,334.34,311.43,322.24,412079.37629514,322.41,317.59,-0.0149499085015975,-1,4.743193499581327
1595980800,306.29,327.34,322.41,317.59,208395.56039785,317.52,318.16,0.0020156210632402472,1,0.6406487074830366
1596067200,312.66,325.85,317.52,318.16,166994.96333734,318.15,335.31,0.05393682225365402,1,18.067470314002854
1596153600,314.52,342.4,318.15,335.31,175330.87646686,335.25,346.86,0.03463087248322152,1,12.000052365100686
1596240000,328.35,349.74,335.25,346.86,199448.47978816,346.86,387.4,0.11687712621807059,1,45.23292049818367
1596326400,343.75,394.0,346.86,387.4,308505.50003166,387.4,372.21,-0.03921011874032008,-1,14.5798038980382
1596412800,325.75,415.0,387.4,372.21,573146.54484066,372.19,386.22,0.03769580053198643,1,14.544313209382336
1596499200,366.34,399.69,372.19,386.22,246596.56665901,386.27,389.82,0.009190462629766773,1,3.579043516193348
1596585600,380.67,403.64,386.27,389.82,250989.95459676,389.76,401.21,0.029377052545155966,1,11.774580884390383
1596672000,383.86,408.0,389.76,401.21,208377.2177264,401.21,395.28,-0.014780289623887758,-1,5.836510529647822
1596758400,391.0,404.03,401.21,395.28,147321.25541594,395.28,379.75,-0.03928860554543608,-1,14.904928107923473
1596844800,362.88,398.57,395.28,379.75,258109.56327072,379.76,397.51,0.046740046345060036,1,18.56105618680219
1596931200,376.18,400.06,379.76,397.51,109615.57796907,397.5,390.41,-0.01783647798742132,-1,6.956575831698089
1597017600,384.02,401.0,397.5,390.41,144028.58904543,390.41,395.78,0.01375477062575228,1,5.4384192551419765
1597104000,385.44,400.21,390.41,395.78,198449.18038811,395.77,378.88,-0.0426763018925133,-1,16.153028063774403
1597190400,364.77,398.3,395.77,378.88,231283.21718575,378.92,387.27,0.02203631373376957,1,8.525469216457266
1597276800,365.19,389.57,378.92,387.27,193171.5051413,387.27,424.94,0.09727063805613659,1,41.29285075063911
1597363200,376.46,432.94,387.27,424.94,363868.52826094,425.0,438.83,0.0325411764705882,1,14.26576442611763
1597449600,417.52,445.45,425.0,438.83,320572.96388462,438.83,432.55,-0.014310780940227362,-1,6.18393816739965
1597536000,428.0,443.33,438.83,432.55,170960.90077551,432.67,433.7,0.0023805671759076726,1,1.0314195322069666
1597622400,412.51,437.0,432.67,433.7,198013.6894012,433.71,431.5,-0.005095570773097184,-1,2.1965400498028433
1597708800,420.5,447.5,433.71,431.5,221839.14358535,431.5,422.31,-0.021297798377752024,-1,8.985278959675549
1597795200,414.44,434.27,431.5,422.31,148682.30738539,422.31,407.59,-0.03485591153418112,-1,14.192714061234666
1597881600,393.75,426.97,422.31,407.59,212936.96902525,407.6,415.92,0.02041216879293423,1,8.481339415112847
1597968000,402.3,419.58,407.6,415.92,146536.51021535,415.92,388.05,-0.06700807847663012,-1,25.976482368003463
1598054400,385.0,418.92,415.92,388.05,218376.51497554,388.0,395.62,0.01963917525773197,1,7.761880864948457
1598140800,379.53,399.73,388.0,395.62,145453.08931908,395.52,390.9,-0.011680825242718459,-1,4.561468552791267
1598227200,383.67,400.0,395.52,390.9,79939.92783349,390.78,407.76,0.04345155842161835,1,17.7000896545371
1598313600,387.72,411.97,390.78,407.76,153521.94600679,407.76,383.33,-0.059912693741416535,-1,22.9433665590053
1598400000,369.36,409.31,407.76,383.33,189576.54223265,383.26,386.1,0.007410113239054511,1,2.858183676877348
1598486400,377.56,393.5,383.26,386.1,131417.52221164,386.12,383.25,-0.0074329224075417085,-1,2.8458188451776696
1598572800,371.5,397.15,386.12,383.25,121889.95194935,383.27,395.47,0.0318313460484777,1,12.575754079369684
1598659200,379.67,398.16,383.27,395.47,123755.41938251,395.35,398.58,0.008169975970658811,1,3.2531326333628034
1598745600,392.34,405.82,395.35,398.58,89963.76995825,398.57,428.94,0.07619740572546856,1,32.6514310966706
1598832000,398.24,429.9,398.57,428.94,170379.4456584,428.92,433.89,0.01158724237620062,1,5.022561006015078
1598918400,418.16,439.0,428.92,433.89,168619.80537213,433.88,475.57,0.09608647552318612,1,45.650149319397066
1599004800,429.66,488.95,433.88,475.57,333743.62207967,475.57,440.02,-0.07475240238030156,-1,32.85965954328491
1599091200,420.58,481.2,475.57,440.02,320308.05438354,439.99,382.87,-0.12982113229846134,-1,49.65491230618878
1599177600,370.0,451.0,439.99,382.87,407832.29146336,382.15,388.96,0.017820227659296094,1,6.924424394609449
1599264000,359.0,400.5,382.15,388.96,286186.00739699,389.2,335.25,-0.138617677286742,-1,46.425104734069876
1599350400,310.0,394.38,389.2,335.25,607878.87819331,335.25,352.77,0.052259507829977576,1,18.417150990604007
1599436800,316.43,360.61,335.25,352.77,266338.83290829,352.85,353.71,0.002437296301544443,1,0.8612339787444656
1599523200,323.17,358.66,352.85,353.71,215514.08931085,353.71,337.48,-0.04588504707246038,-1,15.469800400327918
1599609600,325.36,357.01,353.71,337.48,209229.73612667,337.48,351.1,0.040357947137608166,1,14.155505564774215
1599696000,330.6,359.41,337.48,351.1,166730.61512655,351.11,368.06,0.048275469226168405,1,17.75050093418016
1599782400,350.23,377.79,351.11,368.06,217245.43576712,367.94,373.93,0.01627982823286408,1,6.081428654943751
1599868800,355.81,375.38,367.94,373.93,132464.58690229,373.93,387.81,0.037119246917872314,1,14.380819932072843
1599955200,364.88,388.25,373.93,387.81,109437.79363532,387.82,366.58,-0.05476767572585223,-1,20.056657833015326
1600041600,353.58,390.41,387.82,366.58,164465.94392732,366.58,377.28,0.029188717333187814,1,11.001306956189632
1600128000,355.66,384.61,366.58,377.28,190573.77197746,377.27,364.2,-0.034643623929811525,-1,12.60459062740212
1600214400,362.5,382.76,377.27,364.2,170054.9627384,364.05,365.23,0.003241313006455176,1,1.1826409245982763
1600300800,355.0,373.37,364.05,365.23,130167.7980122,365.22,389.45,0.06634357373637796,1,25.811667286840766
1600387200,363.4,394.55,365.22,389.45,212965.41279613,389.52,384.64,-0.01252823988498664,-1,4.8140433271719
1600473600,375.19,392.69,389.52,384.64,163353.49313499,384.6,385.23,0.001638065522620893,1,0.6304009492979674
1600560000,377.2,388.43,384.6,385.23,70257.87733175,385.25,370.69,-0.037793640493186245,-1,13.99571486982479
1600646400,364.89,385.31,385.25,370.69,89803.37071302,371.03,340.11,-0.08333557933320745,-1,28.31492062313017
1600732800,331.0,376.76,371.03,340.11,266795.43383713,340.36,344.26,0.011458455752732334,1,3.9407432894581977
1600819200,335.57,346.84,340.36,344.26,125988.89838001,344.25,320.63,-0.06861292665214234,-1,21.977363309803923
1600905600,313.0,344.64,344.25,320.63,190725.11444266,320.65,349.14,0.08885077186963983,1,30.99033713207548
1600992000,316.65,353.14,320.65,349.14,183245.45463309,349.14,352.11,0.008506616257088925,1,2.9922693856332976
1601078400,337.63,358.12,349.14,352.11,126913.44997664,352.12,354.13,0.0057082812677496046,1,2.0194521717028193
1601164800,346.03,356.5,352.12,354.13,61035.01105045,354.01,357.55,0.009999717522103954,1,3.5718236010282407
1601251200,347.05,362.86,354.01,357.55,80085.26429182,357.53,353.91,-0.010125024473470612,-1,3.579764063994578
1601337600,351.88,368.52,357.53,353.91,104212.37558644,353.68,359.9,0.017586518887129525,1,6.323058759330438
1601424000,350.19,360.59,353.68,359.9,116581.13501754,359.93,359.89,-0.0001111327202512168,0,-0.0
1601510400,351.38,361.51,359.93,359.89,61528.3697469,360.01,352.9,-0.0197494514041277,-1,6.962611819116148
1601596800,345.01,370.25,360.01,352.9,123288.381776,352.84,345.7,-0.02023580092959978,-1,6.9885208649812816
1601683200,334.19,354.25,352.84,345.7,152553.41162458,345.74,346.18,0.0012726326141030767,1,0.4401193983918529
1601769600,343.71,351.2,345.74,346.18,39972.14867485,346.18,352.48,0.018198624992778356,1,6.4082366861170605
1601856000,344.08,354.35,346.18,352.48,57672.70466128,352.42,353.73,0.003717155666534255,1,1.313554604449239
1601942400,348.69,356.12,352.42,353.73,53291.56083882,353.82,340.78,-0.036854897970719634,-1,12.546852718331373
1602028800,336.73,355.33,353.82,340.78,101113.66417348,340.8,341.68,0.002582159624413132,1,0.8813900281690095
1602115200,332.87,342.83,340.8,341.68,95554.36544775,341.7,351.25,0.027948492829967843,1,9.807091198419679
1602201600,334.29,353.34,341.7,351.25,88039.97567275,351.17,365.36,0.0404077797078338,1,14.748623007660104
1602288000,347.15,368.7,351.17,365.36,116241.01508045,365.35,370.75,0.014780347611878956,1,5.474334063227019
1602374400,365.02,380.81,365.35,370.75,117309.72652529,370.73,374.38,0.009845440077684507,1,3.682249920427242
1602460800,369.02,377.49,370.73,374.38,55925.96138195,374.37,386.74,0.033042177524908525,1,12.765953004247141
1602547200,365.77,395.18,374.37,386.74,111464.29529211,386.77,381.37,-0.01396178607441109,-1,5.319281748842959
1602633600,374.29,387.88,386.77,381.37,84543.6186979,381.37,378.97,-0.006293101187822789,-1,2.3825116605920535
1602720000,373.29,387.63,381.37,378.97,80200.71716699,379.01,377.94,-0.0028231445080604553,-1,1.0659122561409922
1602806400,370.06,381.99,379.01,377.94,68915.97860381,377.89,365.57,-0.03260207997036173,-1,11.906424032390373
1602892800,361.38,380.0,377.89,365.57,106263.28472121,365.57,368.48,0.00796017178652522,1,2.9302309357989147
1602979200,363.56,370.57,365.57,368.48,41868.07115942,368.48,378.58,0.02740990013026478,1,10.366463151324323
1603065600,367.31,378.69,368.48,378.58,42509.2101992,378.56,379.36,0.002113271344040605,1,0.8008889264581687
1603152000,372.89,384.69,378.56,379.36,69957.45766229,379.53,368.81,-0.028245461491845102,-1,10.406791444154585
1603238400,363.01,380.9,379.53,368.81,84940.26982272,368.81,391.53,0.06160353569588669,1,24.095512698679503
1603324800,368.06,402.62,368.81,391.53,249849.80700571,391.36,414.7,0.059638184791496254,1,24.707223277800463
1603411200,391.33,421.47,391.36,414.7,182333.508395,414.64,409.52,-0.012348060968551044,-1,5.051721149913182
1603497600,401.51,419.48,414.64,409.52,124844.52058112,409.55,412.58,0.007398364058112496,1,3.0493646260529577
1603584000,407.4,417.0,409.55,412.58,68349.19907782,412.58,406.46,-0.014833486838916101,-1,6.0231898414852925
1603670400,402.92,417.86,412.58,406.46,53762.84086586,406.32,393.12,-0.03248670998227995,-1,12.758404252805658
1603756800,382.21,411.47,406.32,393.12,129676.34185848,393.07,404.55,0.029205993843335838,1,11.803469524512192
1603843200,390.35,411.77,393.07,404.55,108903.27558482,404.56,388.63,-0.039376112319557066,-1,15.287435792218712
1603929600,380.5,409.52,404.56,388.63,128255.13819075,388.59,387.6,-0.0025476723538947277,-1,0.986490326565227
1604016000,380.75,394.0,388.59,387.6,104421.73544657,387.49,382.77,-0.012180959508632551,-1,4.657843365248162
1604102400,373.4,392.16,387.49,382.77,107710.17276225,382.77,386.74,0.010371763722339859,1,4.0071647260757395
1604188800,380.76,394.0,382.77,386.74,76755.21020838,386.72,396.91,0.026349813818783607,1,10.44804609821059
1604275200,385.09,397.65,386.72,396.91,49385.47176829,396.91,383.33,-0.03421430551006536,-1,13.102254361442181
1604361600,378.36,404.57,396.91,383.33,128275.51088227,383.33,388.32,0.013017504500039155,1,5.04990239010775
1604448000,370.5,390.35,383.33,388.32,105339.73002582,388.33,403.18,0.038240671593747645,1,15.402456099194008
1604534400,376.64,409.0,388.33,403.18,214751.18285099,403.19,417.17,0.034673479004935684,1,14.45027050125253
1604620800,396.43,421.25,403.19,417.17,248936.20591844,417.29,456.65,0.09432289295214348,1,43.02947651752972
1604707200,415.57,458.92,417.29,456.65,357787.28499666,456.69,435.73,-0.045895465195208957,-1,19.97803301845889
1604793600,423.0,468.98,456.69,435.73,297289.78479728,435.59,454.61,0.04366491425422998,1,19.830656162446378
1604880000,432.65,460.57,435.59,454.61,111199.12192081,454.61,444.81,-0.02155693891467414,-1,9.579153256637568
1604966400,433.83,460.0,454.61,444.81,171387.94473541,444.84,450.89,0.01360039564787342,1,6.126150111275977
1605052800,439.36,455.51,444.84,450.89,132863.6764641,450.89,463.79,0.028610082281709585,1,13.255800991372656
1605139200,449.95,476.8,450.89,463.79,195694.06578762,463.75,462.98,-0.0016603773584905268,-1,0.7679527879245102
1605225600,452.07,470.56,463.75,462.98,180116.97555794,462.91,477.14,0.030740316692229507,1,14.652767271823857
1605312000,457.64,478.31,462.91,477.14,134796.05936368,477.15,461.16,-0.03351147437912596,-1,15.438697373153051
1605398400,452.17,478.0,477.15,461.16,114594.78378366,461.21,448.58,-0.027384488627740067,-1,12.271849774723007
1605484800,439.77,463.24,461.21,448.58,89217.75628557,448.6,460.85,0.027307177886758804,1,12.571928416183683
1605571200,445.91,466.21,448.6,460.85,112980.26100088,460.87,482.68,0.04732354026081108,1,22.819284286675202
1605657600,460.05,485.0,460.87,482.68,196041.73514216,482.75,478.96,-0.00785085447954432,-1,3.756485016261025
1605744000,456.5,495.68,482.75,478.96,296492.09128068,479.0,471.92,-0.014780793319415416,-1,6.968376631315225
1605830400,465.18,480.99,479.0,471.92,131594.48266392,471.92,510.43,0.08160281403627731,1,41.61087184416849
1605916800,471.07,514.73,471.92,510.43,296509.77452923,510.6,553.07,0.0831766549157854,1,45.95651002173916
1606003200,502.82,554.28,510.6,553.07,287728.12781004,553.06,560.82,0.014031027374968549,1,7.861011891657432
1606089600,511.16,581.8,553.06,560.82,403902.15612966,560.78,609.26,0.08645101465815475,1,52.61847404543673
1606176000,550.0,611.43,560.78,609.26,444789.07944749,609.26,605.45,-0.006253487837704667,-1,3.782388037126953
1606262400,587.25,623.22,609.26,605.45,387478.59472708,605.45,568.79,-0.060550004129160256,-1,34.40579661177644
1606348800,554.0,606.49,605.45,568.79,255508.1788265,569.19,520.34,-0.0858237144011666,-1,44.61285403995152
1606435200,480.08,577.0,569.19,520.34,614152.35686943,520.35,519.07,-0.002459882771211632,-1,1.275574498702769
1606521600,493.51,531.41,520.35,519.07,199205.09175665,519.04,538.11,0.03674090628853278,1,19.750878433839453
1606608000,505.01,548.83,519.04,538.11,166450.43752162,537.97,576.76,0.07210439243823998,1,41.545342453296605
1606694400,531.0,577.55,537.97,576.76,139940.81576302,576.9,617.0,0.06950944704454849,1,42.84444149765993
1606780800,571.11,617.0,576.9,617.0,313418.9868296,617.0,586.03,-0.050194489465154014,-1,29.38606118460294
1606867200,563.01,636.53,617.0,586.03,373179.79775575,585.87,597.35,0.019594790653216614,1,11.693243248502245
1606953600,575.08,604.96,585.87,597.35,136242.16440789,597.03,616.65,0.032862670217577016,1,20.244500824079196
1607040000,586.11,624.57,597.03,616.65,168346.30401374,616.46,567.6,-0.07925899490640108,-1,44.94241810336438
1607126400,566.0,620.56,616.46,567.6,195480.70629191,567.76,597.29,0.052011413273213986,1,31.034831136924023
1607212800,561.15,597.88,567.76,597.29,95956.77136123,597.29,601.95,0.007801905272145996,1,4.691660521689714
1607299200,583.31,607.46,597.29,601.95,101652.72670304,601.97,591.47,-0.01744272970413808,-1,10.306534486768442
1607385600,584.54,603.4,601.97,591.47,79196.58540342,591.53,554.79,-0.062110121211096665,-1,34.423616072557614
1607472000,548.12,595.47,591.53,554.79,173888.79056355,554.8,573.38,0.03348954578226396,1,19.183033524873874
1607558400,530.32,578.67,554.8,573.38,246145.836363,573.26,559.45,-0.024090290618567396,-1,13.463835773470972
1607644800,547.83,575.62,573.26,559.45,117320.21056794,559.33,544.23,-0.02699658520015022,-1,14.677659211914277
1607731200,535.5,560.62,559.33,544.23,173696.26025699,544.51,568.64,0.04431507226680868,1,25.17412337110429
1607817600,543.22,574.33,544.51,568.64,101618.14658727,568.64,590.75,0.038882245357343866,1,22.94671675840604
1607904000,563.79,595.21,568.64,590.75,105159.23425191,590.45,586.39,-0.006876111440426893,-1,4.028050904564374
1607990400,575.58,591.71,590.45,586.39,103488.31631148,586.4,589.08,0.00457025920873135,1,2.689556046384784
1608076800,579.15,597.04,586.4,589.08,95567.38638129,589.08,637.98,0.08301079649623137,1,52.90626872071702
1608163200,581.21,639.58,589.08,637.98,261818.28860235,637.91,643.37,0.008559201141226876,1,5.501226504992904
1608249600,626.79,677.05,637.91,643.37,430253.08270837,643.26,654.66,0.017722227404160025,1,11.590431359014994
1608336000,629.59,664.46,643.26,654.66,177136.01903836,654.66,658.96,0.006568294992820805,1,4.323915424800728
1608422400,646.54,672.06,654.66,658.96,186815.55508677,658.8,638.4,-0.030965391621129292,-1,19.74853770491801
1608508800,621.46,661.4,658.8,638.4,164504.33582055,638.19,608.07,-0.047195976119964275,-1,28.669758742067415
1608595200,596.9,648.35,638.19,608.07,267136.10267039,608.07,636.82,0.04728074070419524,1,30.07921197395037
1608681600,587.54,638.5,608.07,636.82,207333.55726725,636.73,585.11,-0.0810704694297426,-1,47.387707225668656
1608768000,551.45,638.75,636.73,585.11,328147.46529268,585.37,612.27,0.04595384116029174,1,28.108022168884613
1608854400,565.61,614.99,585.37,612.27,213890.61477265,612.25,626.75,0.023683135973866884,1,14.828562066149448
1608940800,604.26,633.97,612.25,626.75,158871.75321373,626.71,636.52,0.01565317291889382,1,9.95359406870796
1609027200,615.22,652.7,626.71,636.52,195895.6773533,636.85,684.12,0.07422469969380542,1,50.727822952971636
1609113600,625.01,714.99,636.85,684.12,436385.25431205,684.11,729.7,0.06664132961073516,1,48.57955003873649
1609200000,680.9,747.0,684.11,729.7,397946.53045409,729.65,731.76,0.0028917974371274087,1,2.11398559089976
1609286400,688.0,739.66,729.65,731.76,295088.40177823,731.79,752.86,0.028792413123983725,1,21.654979488377865
1609372800,717.0,759.0,731.79,752.86,238441.21767564,752.87,737.67,-0.020189408530025165,-1,14.878227869353319
1609459200,724.0,755.9,752.87,737.67,217610.26070386,737.89,730.99,-0.009350987274525983,-1,6.828642709617943
1609545600,717.1,750.0,737.89,730.99,198060.44209411,730.97,775.3,0.06064544372546059,1,46.97139410782924
1609632000,715.22,789.21,730.97,775.3,368899.31941969,775.29,980.44,0.26461066181686865,1,259.17544239445897
1609718400,770.0,1015.14,775.29,980.44,858743.81908511,980.44,1042.38,0.06317571702500924,1,65.7872508086166
1609804800,886.33,1168.99,980.44,1042.38,1103882.9026854,1042.24,1103.73,0.058997927540681616,1,65.05266478191206
1609891200,975.0,1136.93,1042.24,1103.73,858495.88816745,1103.71,1212.02,0.09813266165931263,1,118.81980983573577
1609977600,1058.32,1215.98,1103.71,1212.02,821084.91284462,1212.68,1227.34,0.012088927004650736,1,14.822386446218145
1610064000,1140.0,1291.94,1212.68,1227.34,661416.03292889,1227.55,1217.35,-0.008309233839762165,-1,10.105130569019638
1610150400,1063.18,1275.0,1227.55,1217.35,781425.78426996,1217.31,1281.45,0.0526899475072086,1,67.45201369987936
1610236800,1172.86,1310.0,1217.31,1281.45,434123.02634182,1281.25,1255.13,-0.02038634146341455,-1,25.561921252214532
1610323200,1153.0,1350.88,1281.25,1255.13,670103.5931583,1255.1,1088.79,-0.13250736993068277,-1,144.12842660752125
1610409600,905.0,1260.24,1255.1,1088.79,1556217.07756248,1088.55,1049.79,-0.03560700013779798,-1,37.342492801984285
1610496000,1006.83,1150.0,1088.55,1049.79,656376.70350396,1050.46,1130.8,0.07648077984882805,1,86.3979813872017
1610582400,980.0,1137.75,1050.46,1130.8,504920.57439418,1130.79,1231.32,0.0889024487305335,1,109.35789580770962
1610668800,1087.05,1246.99,1130.79,1231.32,438467.28987015,1231.59,1168.1,-0.05155124676231539,-1,60.15679433171754
1610755200,1065.0,1255.59,1231.59,1168.1,578841.8829192,1169.04,1227.14,0.049698898241292117,1,60.926518481831394
1610841600,1152.3,1294.0,1169.04,1227.14,422140.39314774,1227.76,1232.99,0.004259790187007248,1,5.247026423975388
1610928000,1165.78,1268.83,1227.76,1232.99,295103.60231119,1232.6,1258.48,0.02099626805127382,1,26.39696003374991
1611014400,1181.9,1261.0,1232.6,1258.48,287749.94730348,1258.55,1368.04,0.08699694092407931,1,118.89627976671568
1611100800,1252.01,1440.0,1258.55,1368.04,709702.99933138,1367.7,1376.88,0.006711998245229263,1,9.232374527747378
1611187200,1234.01,1408.5,1367.7,1376.88,596370.07168489,1377.15,1110.62,-0.19353737791816444,-1,214.73153618080832
1611273600,1081.0,1390.0,1377.15,1110.62,789194.34468025,1110.61,1233.6,0.1107409441658188,1,136.47341869423113
1611360000,1039.62,1275.99,1110.61,1233.6,758560.99547401,1233.42,1234.55,0.0009161518379788569,0,0.0
1611446400,1196.74,1272.0,1233.42,1234.55,269855.02080844,1234.47,1394.0,0.1292295479031487,1,179.96584378721226
1611532800,1221.66,1401.92,1234.47,1394.0,434746.40508943,1394.04,1317.97,-0.0545680181343433,-1,71.84709184965992
1611619200,1293.65,1477.3,1394.04,1317.97,627535.52793717,1317.98,1367.98,0.03793684274419946,1,51.84494529507276
1611705600,1245.0,1378.12,1317.98,1367.98,484756.90659865,1367.97,1240.96,-0.09284560333925451,-1,115.1024622399614
1611792000,1206.05,1375.91,1367.97,1240.96,546037.67685749,1240.62,1333.19,0.07461591784752798,1,99.37771831963069
1611878400,1220.08,1363.27,1240.62,1333.19,361803.16655087,1333.61,1379.87,0.034687802281026685,1,47.81679307578677
1611964800,1286.56,1442.88,1333.61,1379.87,629545.82992845,1380.04,1380.0,-2.8984667111071868e-05,0,-0.0
1612051200,1327.0,1408.97,1380.04,1380.0,283799.50273321,1380.0,1313.94,-0.04786956521739127,-1,62.83483878521734
1612137600,1283.0,1382.0,1380.0,1313.94,216853.04918505,1313.95,1374.6,0.04615852962441483,1,63.3860653068989
1612224000,1271.31,1378.02,1313.95,1374.6,282549.58638538,1374.55,1513.67,0.10121130551816968,1,153.04731630686422
1612310400,1360.27,1549.0,1374.55,1513.67,596570.35740844,1513.85,1668.72,0.10230207748455931,1,170.54280921729378
1612396800,1509.48,1672.21,1513.85,1668.72,492422.63736011,1668.71,1597.55,-0.04264371880075033,-1,68.05734749716855
1612483200,1556.0,1699.0,1668.71,1597.55,531943.12791716,1597.34,1721.06,0.07745376688745041,1,133.1692774592761
1612569600,1589.17,1763.93,1597.34,1721.06,414535.83691975,1721.06,1679.77,-0.023991028784586223,-1,40.25911101106292
1612656000,1646.7,1745.25,1721.06,1679.77,330440.89591973,1679.76,1615.32,-0.038362623231890304,-1,61.90594464637811
1612742400,1493.28,1695.38,1679.76,1615.32,416691.917484,1615.51,1752.98,0.08509387128522883,1,149.01868663109485
1612828800,1565.98,1780.0,1615.51,1752.98,454314.62328634,1752.98,1772.16,0.010941368412645931,1,19.37046559070846
1612915200,1710.01,1824.23,1752.98,1772.16,345860.43376582,1771.91,1742.93,-0.01635523248923479,-1,28.47751933709953
1613001600,1680.0,1839.0,1771.91,1742.93,368565.10934926,1742.51,1787.32,0.025715777814761434,1,45.91636167987552
1613088000,1704.23,1819.0,1742.51,1787.32,263018.46640028,1787.33,1845.0,0.032266005718026375,1,59.4712497692089
1613174400,1741.29,1868.9,1787.33,1845.0,324522.83669583,1844.78,1818.01,-0.014511215429482097,-1,26.355153228189796
1613260800,1766.15,1877.88,1844.78,1818.01,222718.507164,1817.85,1803.75,-0.007756415545837066,-1,13.976643906262803
1613347200,1785.07,1852.47,1817.85,1803.75,172443.99258151,1803.25,1779.62,-0.013104117565506784,-1,23.297029352225255
1613433600,1659.93,1836.0,1803.25,1779.62,320429.97588848,1780.59,1781.97,0.0007750240088959891,0,0.0
1613520000,1725.0,1825.0,1780.59,1781.97,209801.29066471,1782.14,1852.0,0.039200062845792076,1,72.52591787401653
1613606400,1733.87,1857.61,1782.14,1852.0,224624.79625355,1851.9,1939.64,0.04737836816242778,1,91.80508104454884
1613692800,1851.47,1950.3,1851.9,1939.64,279501.81066288,1939.64,1957.68,0.009300694974325114,1,18.18957675279945
1613779200,1890.0,1974.98,1939.64,1957.68,247118.43154671,1957.9,1915.46,-0.021676285816436006,-1,41.47853837152056
1613865600,1811.25,2041.42,1957.9,1915.46,419107.37348279,1915.01,1935.57,0.010736236364300942,1,20.759956282630323
1613952000,1885.0,1976.72,1915.01,1935.57,159669.07872776,1935.67,1778.66,-0.0811140328671726,-1,144.13001141382568
1614038400,1507.34,1938.95,1935.67,1778.66,665395.31208108,1778.33,1577.83,-0.11274622820286449,-1,177.71648686408034
1614124800,1356.0,1783.22,1778.33,1577.83,1013355.39743643,1577.84,1625.3,0.03007909547229126,1,48.83866631724386
1614211200,1500.28,1714.0,1577.84,1625.3,440088.38004088,1625.27,1482.62,-0.08777003205621225,-1,129.9994753222542
1614297600,1458.5,1672.49,1625.27,1482.62,335391.64228393,1482.05,1445.18,-0.024877703181404063,-1,35.91680632461782
1614384000,1400.01,1564.11,1482.05,1445.18,380775.95904184,1445.09,1460.57,0.010712135576330899,1,15.6301780348629
1614470400,1420.0,1526.82,1445.09,1460.57,231399.55692715,1460.49,1422.02,-0.026340474772165525,-1,37.419225253579306
1614556800,1292.76,1469.96,1460.49,1422.02,460805.82144299,1421.8,1571.82,0.10551413700942466,1,165.68338160331973
1614643200,1412.61,1574.28,1421.8,1571.82,313413.589566,1571.87,1488.34,-0.053140526888355896,-1,79.01208061722659
1614729600,1455.86,1605.89,1571.87,1488.34,240668.58113618,1488.34,1567.86,0.05342865205530993,1,83.68487776502678
1614816000,1476.72,1657.91,1488.34,1567.86,233779.70945241,1568.4,1539.69,-0.01830527926549352,-1,28.15627097685543
1614902400,1504.06,1625.0,1568.4,1539.69,231528.48274717,1539.53,1528.82,-0.006956668593661726,-1,10.624858585282558
1614988800,1442.32,1551.19,1539.53,1528.82,324961.01226774,1528.82,1651.83,0.0804607475046114,1,132.7745690739917
1615075200,1512.45,1673.02,1528.82,1651.83,248888.00355718,1651.75,1728.22,0.04629635235356442,1,79.93027178241262
1615161600,1631.07,1735.0,1651.75,1728.22,210732.49738587,1727.95,1834.58,0.06170896148615404,1,113.0968165367052
1615248000,1664.08,1843.99,1727.95,1834.58,310581.14494936,1834.88,1871.99,0.02022475584234386,1,37.82268014861997
1615334400,1800.0,1872.26,1834.88,1871.99,225203.26521323,1871.93,1795.37,-0.040898965239084886,-1,73.35534644607452
1615420800,1756.29,1879.0,1871.93,1795.37,284059.53415917,1795.55,1827.04,0.017537801787753063,1,32.01022311291806
1615507200,1725.0,1847.0,1795.55,1827.04,210929.2155979,1826.53,1767.79,-0.032159340388605726,-1,56.79410938522774
1615593600,1721.15,1841.96,1826.53,1767.79,236995.37958528,1766.76,1921.61,0.08764631302497221,1,168.25360954034494
1615680000,1728.3,1944.0,1766.76,1921.61,242511.38585835,1921.76,1848.9,-0.03791316293397714,-1,70.02754930168172
1615766400,1836.61,1931.97,1921.76,1848.9,153591.2699543,1848.56,1795.07,-0.028936036698835856,-1,51.8902691855823
1615852800,1734.87,1893.75,1848.56,1795.07,283178.47343009,1794.08,1806.03,0.006660795505217185,1,12.017566909781104
1615939200,1706.25,1819.2,1794.08,1806.03,183635.76254277,1805.7,1824.74,0.01054438721825329,1,19.22152436750287
1616025600,1742.0,1841.13,1805.7,1824.74,192527.7769105,1824.45,1776.4,-0.026336704212228317,-1,46.73773684123978
1616112000,1758.4,1850.0,1824.45,1776.4,190138.5330396,1776.4,1809.38,0.018565638369736556,1,33.5587024586805
1616198400,1734.29,1840.69,1776.4,1809.38,144695.63348271,1808.95,1806.47,-0.0013709610547555312,-1,2.4741234165676405
1616284800,1800.55,1869.0,1808.95,1806.47,111937.33021974,1806.04,1784.0,-0.012203494939203984,-1,21.74926393656837
1616371200,1748.25,1818.86,1806.04,1784.0,121647.31152544,1784.11,1681.02,-0.05778231162876724,-1,97.03608827269612
1616457600,1657.17,1806.39,1784.11,1681.02,200417.24791012,1681.4,1668.09,-0.00791602236231722,-1,13.191433104615372
1616544000,1651.58,1723.61,1681.4,1668.09,212509.86225776,1668.37,1581.79,-0.051894963347458856,-1,82.00484713930356
1616630400,1545.77,1740.91,1668.37,1581.79,278130.15826272,1581.97,1587.08,0.0032301497499951956,1,5.121379559157153
1616716800,1548.69,1622.27,1581.97,1587.08,286235.84724682,1587.01,1700.1,0.07125979042350075,1,121.02762092929463
1616803200,1586.81,1700.7,1587.01,1700.1,175253.6705026,1699.97,1713.88,0.008182497338188368,1,14.009794719436307
1616889600,1666.4,1732.85,1699.97,1713.88,110263.21715736,1713.96,1686.92,-0.01577633083619219,-1,26.58679460617514
1616976000,1662.0,1725.71,1713.96,1686.92,95999.89882024,1686.92,1815.73,0.07635809641239652,1,138.50704071248185
1617062400,1675.28,1841.88,1686.92,1815.73,203102.37426045,1815.73,1841.16,0.014005386263376197,1,25.76037081570504
1617148800,1785.77,1860.0,1815.73,1841.16,151376.69947985,1841.03,1920.0,0.042894466684410375,1,82.27501865803386
1617235200,1771.94,1948.0,1841.03,1920.0,263472.22513295,1919.99,1968.38,0.025203256266959774,1,49.55997598518753
1617321600,1886.11,1982.21,1919.99,1968.38,206220.44426132,1968.74,2134.68,0.08428741225352247,1,179.74672653616
1617408000,1948.67,2145.0,1968.74,2134.68,273307.72019019,2134.38,2009.25,-0.05862592415596103,-1,117.67634397225433
1617494400,2000.0,2139.33,2134.38,2009.25,198152.20897275,2008.97,2076.36,0.033544552681224755,1,69.58091683778265
1617580800,1980.0,2093.07,2008.97,2076.36,117506.19033922,2076.31,2106.98,0.014771397334694758,1,31.091915717498907
1617667200,2003.1,2131.27,2076.31,2106.98,150633.34725495,2107.45,2113.0,0.002633514436878779,1,5.559051389119735
1617753600,2046.08,2151.0,2107.45,2113.0,195664.36827122,2113.55,1964.23,-0.07064890823496021,-1,138.63193431733356
1617840000,1929.69,2128.99,2113.55,1964.23,297887.0746854,1964.69,2081.29,0.059347785146766106,1,123.39643179636472
1617926400,1949.34,2084.54,1964.69,2081.29,134740.59760903,2081.29,2066.03,-0.007331991216985506,-1,15.13296570021454
1618012800,2048.41,2100.0,2081.29,2066.03,116343.17660276,2066.5,2133.08,0.032218727316719056,1,68.65639774188233
1618099200,2057.2,2195.0,2066.5,2133.08,172198.2806936,2133.07,2150.54,0.008190073462192894,1,17.595467502800922
1618185600,2112.58,2163.18,2133.07,2150.54,83861.37599123,2150.54,2138.03,-0.005817143601141929,-1,12.42479030601593
1618272000,2102.55,2199.11,2150.54,2138.03,127578.86243868,2138.02,2299.92,0.0757242682481923,1,173.98559927035305
1618358400,2135.9,2317.3,2138.02,2299.92,230007.9920857,2300.01,2432.54,0.05762148860222335,1,140.02640930856793
1618444800,2283.26,2446.91,2300.01,2432.54,322816.09722215,2432.16,2517.03,0.034894908229721876,1,87.7436993305954
1618531200,2401.25,2546.82,2432.16,2517.03,218658.15563428,2517.03,2426.64,-0.035911371735736296,-1,87.05682713769832
1618617600,2305.0,2548.0,2517.03,2426.64,305993.48077725,2426.64,2318.7,-0.044481258035802614,-1,103.0355543146079
1618704000,2305.55,2497.84,2426.64,2318.7,184015.29039346,2319.11,2241.46,-0.03348267223202008,-1,74.97502043068256
1618790400,2000.0,2341.0,2319.11,2241.46,484164.17039406,2241.67,2163.82,-0.03472857289431536,-1,75.07123421957729
1618876800,2050.0,2282.6,2241.67,2163.82,269095.50575273,2163.69,2332.6,0.07806571181638768,1,181.91398330352297
1618963200,2054.25,2349.5,2163.69,2332.6,312215.54603767,2332.18,2357.21,0.010732447752746444,1,25.273334534084192
1619049600,2237.02,2471.72,2332.18,2357.21,305022.6790685,2357.74,2399.99,0.017919702766208318,1,42.96410033443043
1619136000,2304.0,2646.2,2357.74,2399.99,584078.8877022,2399.21,2370.05,-0.012154000691894354,-1,28.77678375048439
1619222400,2040.0,2442.29,2399.21,2370.05,644161.18986279,2369.8,2216.72,-0.06459616845303416,-1,143.04842691467664
1619308800,2158.36,2371.18,2369.8,2216.72,220990.83137577,2216.18,2322.16,0.047821025367975535,1,110.93702419622956
1619395200,2166.0,2358.22,2216.18,2322.16,253708.11161981,2322.43,2534.0,0.09109854764190962,1,230.6128760048744
1619481600,2306.03,2542.04,2322.43,2534.0,310905.02678021,2533.99,2667.86,0.052829727031282823,1,140.80137324212052
1619568000,2484.56,2683.0,2533.99,2667.86,276539.98979416,2667.86,2751.59,0.0313847053443584,1,86.27148353710466
1619654400,2551.0,2762.59,2667.86,2751.59,388997.91493036,2751.56,2758.92,0.002674846269025617,1,7.372307181671616
1619740800,2672.0,2800.0,2751.56,2758.92,289566.94008224,2758.92,2776.45,0.006353935597987526,1,17.623743106541433
1619827200,2727.0,2800.0,2758.92,2776.45,203784.33868508,2776.76,2948.92,0.06200031691611801,1,182.65114058571845
1619913600,2757.28,2955.9,2776.76,2948.92,219121.32332416,2948.92,2952.09,0.0010749698194593522,1,3.1702342466734312
1620000000,2855.29,2986.0,2948.92,2952.09,158755.45128689,2952.21,3433.99,0.16319299778809765,1,559.8427193518751
1620086400,2952.08,3457.75,2952.21,3433.99,552087.28112543,3433.99,3240.01,-0.05648822506763257,-1,182.83939168727883
1620172800,3166.12,3534.5,3433.99,3240.01,713308.42978124,3239.61,3529.97,0.08962807251490137,1,316.06802272829094
1620259200,3201.33,3550.0,3239.61,3529.97,466260.19811275,3529.96,3492.75,-0.01054119593423156,-1,36.78094433718799
1620345600,3381.11,3610.91,3529.96,3492.75,368967.13672979,3492.33,3484.7,-0.002184787806421532,-1,7.605716738968075
1620432000,3356.69,3595.07,3492.33,3484.7,305837.39644288,3484.69,3917.26,0.12413442802659638,1,485.7805627019335
1620518400,3455.0,3962.44,3484.69,3917.26,329490.02398979,3917.26,3928.44,0.0028540357290554714,1,11.200696211331225
1620604800,3726.29,3984.0,3917.26,3928.44,303199.06513222,3928.41,3949.45,0.005355856440646461,1,21.131534532291653
1620691200,3650.01,4213.85,3928.41,3949.45,591122.82046763,3949.45,4179.76,0.05831444884730796,1,243.49666031330992
1620777600,3760.0,4183.25,3949.45,4179.76,371785.21687275,4179.77,3826.37,-0.08455010682405982,-1,323.1964722561294
1620864000,3700.0,4384.43,4179.77,3826.37,617506.79293758,3826.37,3719.23,-0.0280004286046566,-1,104.03589404521767
1620950400,3525.62,4055.62,3826.37,3719.23,812296.19058095,3719.22,4080.51,0.09714133608659892,1,395.98980712141304
1621036800,3695.0,4177.77,3719.22,4080.51,344804.82454669,4080.51,3649.54,-0.1056166998733002,-1,385.06691848474844
1621123200,3632.0,4138.0,4080.51,3649.54,332664.12210277,3648.16,3585.62,-0.017142888469803948,-1,61.40641587134333
1621209600,3334.88,3878.23,3648.16,3585.62,496714.18827206,3584.79,3283.32,-0.08409697639192248,-1,275.84116724259985
1621296000,3101.0,3590.0,3584.79,3283.32,681492.46445778,3283.32,3375.96,0.02821534300646902,1,95.15861550674303
1621382400,3241.06,3567.4,3283.32,3375.96,443596.42566946,3376.98,2443.91,-0.27630308737392584,-1,674.584618385747
1621468800,1860.0,3444.96,3376.98,2443.91,1664158.9063247,2443.91,2775.07,0.13550417159388042,1,375.65752790356476
1621555200,2156.0,2999.99,2443.91,2775.07,1050830.69730324,2775.06,2434.86,-0.12259194395796841,-1,298.1957264448335
1621641600,2105.0,2950.0,2775.06,2434.86,936011.86609611,2434.86,2297.19,-0.056541238510633085,-1,129.756081726547
1621728000,2156.0,2486.29,2434.86,2297.19,665111.58789821,2296.68,2099.58,-0.08581953080098226,-1,180.0047855086472
1621814400,1728.0,2382.0,2296.68,2099.58,1045012.76021567,2100.07,2651.24,0.26245315632336047,1,695.1304798645755
1621900800,2072.15,2678.25,2100.07,2651.24,860939.09041545,2651.57,2707.56,0.02111579177619289,1,57.11510090836727
1621987200,2383.39,2768.0,2651.57,2707.56,725633.89598362,2707.75,2889.84,0.06724771489243843,1,194.14080126835952
1622073600,2647.21,2913.68,2707.75,2889.84,532990.73904717,2889.43,2745.51,-0.04980913190490845,-1,136.61471826650896
1622160000,2639.32,2893.96,2889.43,2745.51,380707.48775302,2745.25,2413.81,-0.12073217375466717,-1,291.1331038024224
1622246400,2329.2,2762.91,2745.25,2413.81,657497.5191979,2413.28,2280.72,-0.054929390704767114,-1,125.15328140820826
1622332800,2207.74,2574.86,2413.28,2280.72,496783.55299687,2280.78,2387.66,0.04686116153245804,1,111.77663242364417
1622419200,2182.2,2480.69,2280.78,2387.66,388966.15183724,2387.65,2707.12,0.13380101773710543,1,361.8531957253364
1622505600,2275.22,2720.0,2387.65,2707.12,400639.23849696,2707.87,2634.42,-0.027124640400019138,-1,71.3862374674558
1622592000,2527.88,2748.0,2707.87,2634.42,341435.04494495,2634.46,2706.64,0.02739840422705216,1,74.08345920029134
1622678400,2552.28,2803.0,2634.46,2706.64,268753.93459884,2706.87,2856.68,0.055344364524339905,1,157.9430381101419
1622764800,2663.02,2890.0,2706.87,2856.68,254235.89167581,2856.73,2690.68,-0.05812589919243337,-1,156.2417962446575
1622851200,2554.39,2859.85,2856.73,2690.68,294466.9594428,2691.13,2629.75,-0.022808262700055405,-1,59.920048806635236
1622937600,2552.18,2816.92,2691.13,2629.75,228143.70836692,2629.45,2710.97,0.03100268116906577,1,83.96329123033331
1623024000,2615.0,2745.36,2629.45,2710.97,122420.16649011,2710.97,2592.47,-0.04371129153033785,-1,113.20689174170131
1623110400,2575.0,2849.15,2710.97,2592.47,267934.37140931,2592.47,2509.11,-0.032154663313365126,-1,80.59890767893137
1623196800,2306.52,2621.91,2592.47,2509.11,451505.06172677,2509.1,2611.27,0.04071978000079713,1,106.22400958275884
1623283200,2406.33,2628.16,2509.1,2611.27,291643.03769418,2611.4,2471.59,-0.05353833192923334,-1,132.19248100716086
1623369600,2428.16,2625.0,2611.4,2471.59,181679.49879048,2471.59,2355.27,-0.047062821908164444,-1,110.73480690308683
1623456000,2322.16,2499.34,2471.59,2355.27,189880.6813896,2355.11,2371.49,0.006955089146578994,1,16.4774304358604
1623542400,2257.07,2452.58,2355.11,2371.49,177293.96771257,2371.85,2510.23,0.058342643927735784,1,146.30700161165348
1623628800,2309.67,2550.0,2371.85,2510.23,172712.48563163,2510.22,2582.86,0.028937702671479125,1,74.66729268733452
1623715200,2461.63,2609.02,2510.22,2582.86,169626.35302782,2582.45,2543.58,-0.015051598288446976,-1,38.24665943015343
1623801600,2506.23,2640.0,2582.45,2543.58,168529.3479128,2543.57,2367.73,-0.06913118176421335,-1,163.5202890255823
1623888000,2351.01,2555.0,2543.57,2367.73,178257.28803783,2368.24,2373.33,0.002149275411275946,1,5.095838872031698
1623974400,2306.35,2459.53,2368.24,2373.33,153637.62400874,2373.33,2234.47,-0.05850850914116458,-1,130.60477291223737
1624060800,2125.12,2377.8,2373.33,2234.47,273328.22658507,2234.8,2164.72,-0.03135851082870967,-1,67.81451316556326
1624147200,2162.72,2279.0,2234.8,2164.72,162828.91242019,2165.13,2242.9,0.03591932124168063,1,80.48288216735253
1624233600,2042.5,2275.78,2165.13,2242.9,231871.91509491,2242.89,1885.67,-0.1592677304727382,-1,300.0260549392077
1624320000,1864.5,2259.1,2242.89,1885.67,598655.07269099,1885.49,1881.65,-0.002036605869031349,-1,3.8283472540293753
1624406400,1700.0,1996.67,1885.49,1881.65,620163.37396399,1881.24,1968.37,0.046315196359847696,1,91.07427761577458
1624492800,1823.97,2045.0,1881.24,1968.37,287217.09052056,1968.36,1988.81,0.010389359669979092,1,20.641799942845864
1624579200,1884.77,2035.39,1968.36,1988.81,208623.5990145,1988.81,1809.07,-0.09037565177166246,-1,163.33238447021085
1624665600,1792.0,2019.39,1988.81,1809.07,370739.74744615,1809.07,1829.17,0.011110681178727266,1,20.303001367000864
1624752000,1717.41,1851.97,1809.07,1829.17,238207.16665611,1829.0,1984.71,0.08513395297977039,1,168.79724161066162
1624838400,1807.89,1988.62,1829.0,1984.71,177413.91064922,1984.84,2083.79,0.04985288486729411,1,103.77906001466117
1624924800,1957.24,2143.67,1984.84,2083.79,278261.98240028,2083.99,2166.18,0.039438768900042734,1,85.34604094347867
1625011200,2074.53,2247.03,2083.99,2166.18,215702.68781407,2165.64,2276.72,0.051291996823109996,1,116.66073749210386
1625097600,2089.16,2288.0,2165.64,2276.72,254873.14574192,2276.74,2107.01,-0.07454957526990327,-1,156.91962388884946
1625184000,2072.06,2277.44,2276.74,2107.01,240720.57482006,2107.75,2156.0,0.022891709168544657,1,49.3051704424149
1625270400,2017.07,2159.43,2107.75,2156.0,192127.19122379,2156.0,2226.95,0.03290816326530604,1,73.21154934948962
1625356800,2113.18,2239.69,2156.0,2226.95,98666.79185779,2227.46,2323.15,0.04295924505939503,1,99.70096938957384
1625443200,2190.56,2389.22,2227.46,2323.15,126325.73621254,2323.27,2197.34,-0.05420377313011395,-1,118.98501473087488
1625529600,2160.0,2324.44,2323.27,2197.34,156103.9362224,2197.34,2321.84,0.0566594154750744,1,131.4225431294201
1625616000,2195.02,2350.0,2197.34,2321.84,165693.46720418,2322.2,2316.82,-0.002316768581517378,-1,5.362168249246061
1625702400,2294.16,2411.19,2322.2,2316.82,159702.0440841,2317.64,2116.95,-0.08659239571288037,-1,183.12846033227768
1625788800,2084.0,2325.46,2317.64,2116.95,223830.00371273,2116.3,2147.38,0.01468600859991491,1,31.504904706137996
1625875200,2050.0,2189.28,2116.3,2147.38,190883.32617917,2147.38,2110.55,-0.017151133008596487,-1,36.16212544752202
1625961600,2075.0,2192.98,2147.38,2110.55,116594.48589325,2110.56,2140.82,0.014337427033583608,1,30.663156691494425
1626048000,2081.51,2173.37,2110.56,2140.82,89340.97126887,2141.45,2030.72,-0.051707954890377925,-1,104.89937377683327
1626134400,2002.0,2169.0,2141.45,2030.72,174561.37955667,2030.74,1940.76,-0.04430897111397816,-1,85.9070857003851
1626220800,1917.4,2047.72,2030.74,1940.76,217891.77262081,1940.34,1994.11,0.027711638166506892,1,55.20479472942884
1626307200,1865.5,2019.9,1940.34,1994.11,195351.53451543,1994.12,1918.07,-0.03813712314203757,-1,73.07652211326295
1626393600,1880.0,2039.99,1994.12,1918.07,229477.74435019,1918.99,1877.22,-0.021766658502649822,-1,40.81994586766996
1626480000,1850.15,1965.35,1918.99,1877.22,184221.68200937,1877.22,1899.75,0.01200178988078114,1,22.77759992568796
1626566400,1847.0,1919.0,1877.22,1899.75,113724.29716977,1899.75,1891.46,-0.004363732070009192,-1,8.245570836478448
1626652800,1878.67,1994.4,1899.75,1891.46,124679.10845278,1891.46,1818.44,-0.03860509870681906,-1,70.13085463673563
1626739200,1805.47,1918.65,1891.46,1818.44,191611.5191467,1818.45,1786.46,-0.017591905193983893,-1,31.39580771789162
1626825600,1718.41,1840.79,1818.45,1786.46,278984.79921803,1786.51,1996.18,0.11736290309038297,1,234.04320241106973
1626912000,1754.27,2033.16,1786.51,1996.18,263702.46075895,1996.21,2024.75,0.014297092991218341,1,28.919090994935367
1626998400,1948.68,2046.74,1996.21,2024.75,196355.49626351,2024.75,2125.81,0.04991233485615505,1,105.9980364200024
1627084800,1995.0,2131.51,2024.75,2125.81,177278.18951605,2125.82,2185.95,0.028285555691450665,1,61.768979653262846
1627171200,2107.13,2200.0,2125.82,2185.95,151102.52474975,2186.76,2193.03,0.0028672556659166903,1,6.281689715332254
1627257600,2108.08,2197.05,2186.76,2193.03,129013.98912781,2192.38,2228.26,0.016365776005984413,1,36.43073683905174
1627344000,2172.99,2437.99,2192.38,2228.26,427763.06726806,2228.71,2300.59,0.03225184075092771,1,74.12406405086362
1627430400,2152.0,2321.0,2228.71,2300.59,253782.97390467,2300.28,2300.42,6.08621559113989e-05,0,0.0
1627516800,2245.1,2347.88,2300.28,2300.42,205833.21106135,2300.76,2383.32,0.03588379491993947,1,85.43704354248155
1627603200,2267.78,2399.99,2300.76,2383.32,172925.7166805,2383.47,2463.9,0.03374491812357625,1,83.06095966091485
1627689600,2317.51,2474.82,2383.47,2463.9,222140.744211,2463.88,2533.74,0.02835365358702521,1,71.76894545334966
1627776000,2422.31,2555.0,2463.88,2533.74,134549.11974341,2533.54,2555.43,0.008640084624675306,1,22.057052320981583
1627862400,2511.5,2699.0,2533.54,2555.43,260742.0604239,2555.99,2608.12,0.02039522846333519,1,53.14001005653398
1627948800,2503.7,2666.36,2555.99,2608.12,234264.49105555,2608.12,2508.31,-0.038268944680459466,-1,95.89438625481183
1628035200,2445.58,2633.0,2608.12,2508.31,237814.06443089,2508.16,2724.71,0.08633819214085234,1,235.01128897259366
1628121600,2455.94,2771.42,2508.16,2724.71,250129.62895073,2724.71,2829.35,0.038404087040455635,1,108.54994506424524
1628208000,2530.69,2845.0,2724.71,2829.35,326176.98753449,2829.49,2892.98,0.02243867269366573,1,64.84971669799177
1628294400,2721.0,2949.21,2829.49,2892.98,283374.42059615,2892.83,3163.09,0.0934240864482186,1,295.2132848098923
1628380800,2866.58,3173.72,2892.83,3163.09,299359.36243726,3163.09,3014.13,-0.04709319051939718,-1,141.8030533418904
1628467200,2948.76,3191.99,3163.09,3014.13,244654.45876056,3014.12,3162.34,0.04917521531989445,1,155.3532416643003
1628553600,2892.5,3190.0,3014.12,3162.34,315853.32665056,3162.33,3142.09,-0.006400344050114878,-1,20.09034657938903
1628640000,3051.0,3235.1,3162.33,3142.09,223500.03188943,3142.18,3162.61,0.006501855399754404,1,20.54227007291146
1628726400,3122.22,3275.0,3142.18,3162.61,194586.91786387,3162.16,3047.21,-0.03635173425759602,-1,110.66059677894208
1628812800,2980.0,3239.69,3162.16,3047.21,243214.90148817,3047.21,3324.51,0.0910012765775907,1,302.23211934097117
1628899200,3034.52,3330.0,3047.21,3324.51,190905.3520745,3324.51,3266.52,-0.01744317207648653,-1,56.921491980833494
1628985600,3206.96,3333.0,3324.51,3266.52,118892.50906903,3266.52,3310.93,0.013595508369763495,1,44.96876275017434
1629072000,3112.96,3323.54,3266.52,3310.93,162311.47927523,3311.02,3146.6,-0.049658413419429684,-1,156.09890850191186
1629158400,3135.0,3341.47,3311.02,3146.6,177756.89052157,3146.6,3011.01,-0.04309095531684984,-1,129.61755007121945
1629244800,2992.15,3293.15,3146.6,3011.01,246541.89921532,3011.77,3014.38,0.000866600039179661,0,0.0
1629331200,2951.0,3126.51,3011.77,3014.38,193245.63285215,3014.38,3184.21,0.056339943869054304,1,179.21881445461412
1629417600,2960.0,3187.48,3014.38,3184.21,161902.28879318,3184.32,3286.58,0.03211360667269614,1,105.43839348093132
1629504000,3178.65,3300.0,3184.32,3286.58,173202.49961989,3286.82,3226.73,-0.018282108542603533,-1,58.93243666957742
1629590400,3206.96,3311.0,3286.82,3226.73,108432.72740463,3226.38,3241.42,0.004661571172645492,1,15.094999920406115
1629676800,3128.82,3275.0,3226.38,3241.42,98417.87656735,3241.41,3323.12,0.025208165582262052,1,83.68598945051694
1629763200,3233.19,3378.6,3241.41,3323.12,170976.09020067,3322.76,3171.52,-0.0455163779508602,-1,144.21174689571345
1629849600,3133.45,3360.0,3322.76,3171.52,162665.07930976,3170.94,3228.51,0.01815549963102429,1,58.556596901644475
1629936000,3079.92,3249.0,3170.94,3228.51,138830.69124351,3228.51,3093.2,-0.041910974412345134,-1,129.5093870262137
1630022400,3056.0,3251.05,3228.51,3093.2,140286.63490594,3092.71,3274.67,0.05883513164829552,1,192.47297491416916
1630108800,3050.0,3283.26,3092.71,3274.67,168913.62309989,3275.32,3247.99,-0.008344222854560893,-1,27.074850436995845
1630195200,3212.01,3290.51,3275.32,3247.99,72183.42536015,3247.99,3226.46,-0.006628714989885974,-1,21.365896482501235
1630281600,3153.75,3287.73,3247.99,3226.46,89119.39624772,3226.45,3229.01,0.0007934417083793025,0,0.0
1630368000,3145.45,3349.0,3226.45,3229.01,219625.56218696,3229.02,3430.23,0.0623130237657246,1,213.53425550838958
1630454400,3190.56,3486.8,3229.02,3430.23,320212.11999266,3430.0,3829.39,0.11644023323615156,1,445.4491696874342
1630540800,3384.24,3843.12,3430.0,3829.39,306568.70086335,3829.29,3787.97,-0.010790512079262779,-1,40.83326190484414
1630627200,3722.65,3838.28,3829.29,3787.97,206168.93909873,3788.2,3940.06,0.04008764056807986,1,157.78976138757207
1630713600,3710.59,4030.35,3788.2,3940.06,284766.1603865,3940.06,3887.53,-0.01333228427993476,-1,51.77782545166801
1630800000,3834.57,3970.0,3940.06,3887.53,130047.41569531,3887.58,3952.17,0.01661444909172291,1,65.5974641395677
1630886400,3835.7,3982.64,3887.58,3952.17,101339.56157838,3951.68,3928.89,-0.00576716738197424,-1,22.635907689109406
1630972800,3868.0,3973.27,3951.68,3928.89,111675.62991707,3928.72,3436.96,-0.1251705390050703,-1,429.77592960312757
1631059200,3009.0,3948.0,3928.72,3436.96,482489.77503547,3436.75,3500.34,0.01850294609733037,1,64.70183573998706
1631145600,3216.0,3562.98,3436.75,3500.34,352658.69072643,3499.54,3424.95,-0.021314229870211556,-1,72.92717142238709
1631232000,3393.17,3568.59,3499.54,3424.95,244244.24892658,3424.32,3209.82,-0.06264017381553126,-1,200.86261903385198
1631318400,3142.67,3514.37,3424.32,3209.82,271075.68986114,3209.29,3266.77,0.017910503569325307,1,58.45098624941967
1631404800,3199.88,3349.43,3209.29,3266.77,133373.86127026,3266.97,3403.75,0.04186754087120488,1,142.36413559812326
1631491200,3231.75,3472.99,3266.97,3403.75,133979.51978513,3403.81,3286.2,-0.034552457393332806,-1,113.43273920048429
1631577600,3111.14,3430.0,3403.81,3286.2,215497.91819641,3285.66,3436.29,0.045844670477164444,1,157.37804713126144
1631664000,3270.74,3439.15,3285.66,3436.29,152957.54148077,3436.29,3615.65,0.05219582747672639,1,188.53312177260952
1631750400,3359.96,3621.15,3436.29,3615.65,157550.50123984,3615.68,3568.66,-0.013004469422072746,-1,46.36212131792635
1631836800,3482.97,3675.92,3615.68,3568.66,193709.08937556,3568.77,3400.0,-0.04729080327395713,-1,160.62794240032278
1631923200,3350.06,3595.0,3568.77,3400.0,164813.94731616,3400.0,3436.31,0.010679411764705866,1,36.661071671735236
1632009600,3369.53,3543.0,3400.0,3436.31,129386.37129349,3436.59,3328.59,-0.03142650127015442,-1,104.50133192496048
1632096000,3278.0,3457.22,3436.59,3328.59,93362.31450909,3328.7,2976.48,-0.10581308018145216,-1,314.63556638159025
1632182400,2911.81,3346.58,3328.7,2976.48,434236.7826118,2976.36,2765.69,-0.07078108830920993,-1,195.56278957777292
1632268800,2651.0,3104.82,2976.36,2765.69,441567.8736938,2765.33,3078.43,0.11322337659519838,1,348.2016889727446
1632355200,2738.24,3090.83,2765.33,3078.43,271497.54590784,3078.42,3154.62,0.02475295768608566,1,78.00808920030387
1632441600,3035.83,3182.34,3078.42,3154.62,166485.49300907,3154.42,2930.61,-0.07095123667742403,-1,207.72247331550645
1632528000,2735.0,3160.48,3154.42,2930.61,365024.83204626,2930.59,2924.01,-0.0022452816668315687,-1,6.558660820585543
1632614400,2800.01,2968.85,2930.59,2924.01,145561.52444175,2923.91,3060.71,0.04678666580024699,1,143.0572154655925
1632700800,2741.34,3117.48,2923.91,3060.71,168746.48142334,3059.92,2925.27,-0.04400441841616777,-1,128.59608025520282
1632787200,2925.0,3168.03,3059.92,2925.27,172472.29785812,2926.27,2805.65,-0.041219709732868086,-1,115.53243053340933
1632873600,2782.6,2971.16,2926.27,2805.65,186331.02775653,2805.64,2850.14,0.01586090874096463,1,45.16060462853395
1632960000,2781.99,2950.6,2805.64,2850.14,177979.48195163,2849.71,3000.46,0.052900119661298865,1,158.56596834590184
1633046400,2836.21,3048.58,2849.71,3000.46,169873.45079422,3001.14,3311.16,0.10330074571662767,1,341.7032518898818
1633132800,2967.41,3337.15,3001.14,3311.16,201035.51345113,3311.2,3387.82,0.023139647257791843,1,78.31456681311947
1633219200,3258.94,3469.95,3311.2,3387.82,144778.38450029,3388.67,3420.07,0.009266172274078057,1,31.659266851596733
1633305600,3343.36,3489.18,3388.67,3420.07,124271.04864619,3419.63,3387.2,-0.009483482131107836,-1,32.09032822381398
1633392000,3269.67,3438.91,3419.63,3387.2,163829.62677831,3386.9,3515.3,0.03791077386400546,1,133.13447562077425
1633478400,3365.34,3547.88,3386.9,3515.3,163084.66881477,3517.26,3575.85,0.016657852987837035,1,59.50641762295051
1633564800,3342.16,3632.44,3517.26,3575.85,219116.78797009,3576.45,3588.51,0.0033720588852075104,1,12.088566363125848
1633651200,3471.52,3655.02,3576.45,3588.51,195554.94828114,3588.83,3563.96,-0.006929835071597119,-1,24.6729573467675
1633737600,3535.0,3670.0,3588.83,3563.96,146564.44707403,3563.96,3575.83,0.0033305648772713192,1,11.897624271288008
1633824000,3538.61,3634.13,3563.96,3575.83,88782.58533301,3575.2,3415.0,-0.0448086820317744,-1,152.86862748937105
1633910400,3406.44,3605.49,3575.2,3415.0,112835.1020128,3414.75,3542.37,0.03737316055348119,1,132.2571731870853
1633996800,3373.45,3625.0,3414.75,3542.37,142525.70987846,3542.2,3490.61,-0.014564395008751537,-1,50.7877842386367
1634083200,3403.51,3549.0,3542.2,3490.61,176617.45185163,3490.17,3608.21,0.03382070214344859,1,121.91016348533161
1634169600,3412.45,3614.48,3490.17,3608.21,158955.26821205,3608.43,3791.66,0.05077831633147935,1,192.34157679051555
1634256000,3588.55,3828.84,3608.43,3791.66,216569.69208772,3791.06,3869.73,0.020751452100467964,1,80.22221422000715
1634342400,3734.44,3900.0,3791.06,3869.73,204682.20802319,3869.73,3829.66,-0.010354727590813871,-1,39.615430979370814
1634428800,3802.0,3968.49,3869.73,3829.66,130674.36831436,3829.7,3847.18,0.00456432618742983,1,17.542224637334535
1634515200,3643.0,3919.0,3829.7,3847.18,134515.91092357,3847.38,3745.48,-0.02648555640461823,-1,99.10192068056713
1634601600,3676.35,3894.7,3847.38,3745.48,187448.53280815,3745.13,3878.17,0.03552346647512902,1,137.62827593787128
1634688000,3700.0,3890.36,3745.13,3878.17,154012.15326702,3878.35,4161.94,0.0731213015844366,1,304.02214344641374
1634774400,3829.59,4169.0,3878.35,4161.94,235728.75520251,4161.83,4053.9,-0.025933303378561794,-1,105.0258875477853
1634860800,4010.22,4374.95,4161.83,4053.9,286201.83773073,4053.97,3971.55,-0.020330688189601705,-1,80.66360033473325
1634947200,3885.25,4169.72,4053.97,3971.55,187484.20093549,3971.89,4168.56,0.04951546996518044,1,206.20179927057455
1635033600,3935.92,4172.04,3971.89,4168.56,109253.57167984,4168.53,4082.64,-0.020604385718706566,-1,84.03616902130955
1635120000,3962.05,4188.42,4168.53,4082.64,126731.47064484,4082.09,4220.93,0.03401198895663744,1,143.41866232219294
1635206400,4069.22,4236.27,4082.09,4220.93,145753.84102089,4221.16,4131.47,-0.02124771389854912,-1,87.6965082478983
1635292800,4091.31,4297.0,4221.16,4131.47,169619.87486465,4132.19,3923.94,-0.050397004977989775,-1,197.55706888961987
1635379200,3911.0,4314.63,4132.19,3923.94,279555.38152718,3925.26,4288.26,0.09247795050518946,1,396.1729265373504
1635465600,3889.05,4299.0,3925.26,4288.26,257149.82955488,4288.25,4421.23,0.031010318894653895,1,136.96664845440404
1635552000,4266.91,4461.96,4288.25,4421.23,257148.94601167,4421.23,4324.67,-0.021840076177896083,-1,94.35667112201759
1635638400,4236.99,4435.0,4421.23,4324.67,123410.59442713,4325.55,4290.16,-0.008181618522500104,-1,35.065352067968554
1635724800,4168.1,4395.99,4325.55,4290.16,148206.08981334,4290.31,4322.89,0.007593856854166698,1,32.79458044845237
1635811200,4151.0,4385.16,4290.31,4322.89,165298.66872401,4322.89,4595.01,0.06294862927347211,1,288.96033141689924
1635897600,4287.32,4604.99,4322.89,4595.01,217839.79309642,4594.27,4606.07,0.0025684167452063706,1,11.818477010275114
1635984000,4456.0,4671.0,4594.27,4606.07,213935.75674438,4606.07,4537.15,-0.014962864220474303,-1,67.82087063852705
1636070400,4423.01,4610.24,4606.07,4537.15,182872.96131449,4537.14,4479.47,-0.012710650321568227,-1,56.88003981915928
1636156800,4446.01,4574.0,4537.14,4479.47,142403.14739608,4479.47,4523.16,0.009753386003254759,1,44.07200930904731
1636243200,4329.21,4534.43,4479.47,4523.16,107961.55343832,4523.73,4617.02,0.020622362519425536,1,95.11864633923867
1636329600,4506.99,4639.8,4523.73,4617.02,85312.85613745,4617.27,4811.9,0.04215261399051803,1,202.6313290977127
1636416000,4616.5,4825.0,4617.27,4811.9,163884.29350308,4811.89,4731.59,-0.016687829522287537,-1,78.88100732207113
1636502400,4697.9,4842.54,4811.89,4731.59,154525.60456333,4731.58,4632.22,-0.02099932792006046,-1,97.1762332710846
1636588800,4460.0,4867.81,4731.58,4632.22,249949.62441734,4632.23,4721.87,0.01935137072209289,1,91.28328221465722
1636675200,4578.05,4783.05,4632.23,4721.87,112248.30258781,4721.07,4667.34,-0.011380894585337554,-1,53.06538602939545
1636761600,4508.42,4809.27,4721.07,4667.34,160383.45748095,4667.79,4644.44,-0.005002367287303063,-1,23.209961529117994
1636848000,4586.8,4708.6,4667.79,4644.44,76568.33646209,4644.43,4627.03,-0.0037464231348089097,-1,17.317477425217415
1636934400,4516.05,4695.07,4644.43,4627.03,96933.07064437,4626.61,4565.06,-0.013303477059877378,-1,60.67043981597687
1637020800,4541.0,4770.0,4626.61,4565.06,121693.76091856,4564.34,4209.5,-0.07774179837610698,-1,326.92684616395815
1637107200,4108.0,4564.98,4564.34,4209.5,309826.45957038,4209.89,4289.4,0.01888647921917183,1,80.93065229875293
1637193600,4068.24,4300.01,4209.89,4289.4,197969.47328462,4289.4,3997.93,-0.06795122861006198,-1,271.39259114162803
1637280000,3960.0,4346.42,4289.4,3997.93,291477.64786245,3998.57,4299.55,0.0752719097077205,1,323.3117040444459
1637366400,3975.24,4314.82,3998.57,4299.55,191232.56135587,4299.55,4416.69,0.027244711655870828,1,120.21111407784475
1637452800,4206.03,4438.96,4299.55,4416.69,96882.12097892,4416.36,4262.99,-0.03472769430028347,-1,147.89576971164024
1637539200,4246.07,4427.72,4416.36,4262.99,83775.31676078,4263.04,4089.16,-0.040787794625431646,-1,166.62103045225953
1637625600,4024.45,4322.86,4263.04,4089.16,174572.98932477,4089.17,4341.62,0.061736244763607236,1,267.76727967558185
1637712000,4062.28,4389.95,4089.17,4341.62,159935.23797902,4341.58,4270.74,-0.01631664048572182,-1,69.61444505880361
1637798400,4168.99,4359.88,4341.58,4270.74,120268.67729032,4270.93,4525.87,0.05969191721709313,1,269.88769951794995
1637884800,4250.0,4555.11,4270.93,4525.87,132338.28173546,4527.03,4043.67,-0.10677198958257395,-1,431.3189404242514
1637971200,3915.0,4555.53,4527.03,4043.67,324817.57682312,4043.62,4098.31,0.013525009768474908,1,55.37425310145417
1638057600,4031.56,4186.97,4043.62,4098.31,93299.56271946,4098.53,4298.38,0.04876138517956447,1,209.3853678653082
1638144000,3950.0,4303.35,4098.53,4298.38,124752.71262005,4298.38,4449.42,0.035138819741390936,1,156.19101996640592
1638230400,4282.07,4466.0,4298.38,4449.42,170935.20731881,4449.42,4634.95,0.04169756957086536,1,193.07288393239992
1638316800,4350.91,4759.0,4449.42,4634.95,312105.05293146,4636.43,4586.95,-0.010672004106607987,-1,48.902997287568695
1638403200,4526.94,4784.5,4636.43,4586.95,241301.695591,4586.87,4514.59,-0.015758022355113564,-1,71.06986913402797
1638489600,4435.0,4637.39,4586.87,4514.59,171913.60834148,4514.54,4216.93,-0.06592255246381684,-1,277.7127983720819
1638576000,4035.0,4662.75,4514.54,4216.93,312836.25058642,4216.3,4123.13,-0.022097573702061064,-1,91.02005788912086
1638662400,3575.0,4240.0,4216.3,4123.13,512946.90714235,4123.13,4203.22,0.019424563377822224,1,81.56406756764899
1638748800,4038.13,4257.0,4123.13,4203.22,250275.13989584,4203.22,4354.22,0.03592483857613924,1,156.26822597437203
1638835200,3913.0,4380.8,4203.22,4354.22,349333.84787974,4354.09,4310.19,-0.010082474179449791,-1,43.41392200413917
1638921600,4260.0,4433.99,4354.09,4310.19,198306.85854675,4310.21,4440.51,0.030230545611466767,1,134.10480105308113
1639008000,4226.88,4456.36,4310.21,4440.51,186740.13696568,4440.94,4106.06,-0.07540745878124884,-1,309.3179226531313
1639094400,4076.15,4490.72,4440.94,4106.06,222048.28315781,4105.99,3900.91,-0.049946541516175134,-1,194.6421263025969
1639180800,3889.42,4232.38,4105.99,3900.91,273780.7217072,3899.97,4091.18,0.04902858227114569,1,200.38417046084976
1639267200,3835.0,4099.87,3899.97,4091.18,166327.13830459,4091.17,4132.92,0.010204904709410755,1,42.13387871684628
1639353600,3989.41,4186.16,4091.17,4132.92,108368.85746466,4132.91,3783.81,-0.08446832861107546,-1,319.2924943753916
1639440000,3660.0,4146.1,4132.91,3783.81,305712.33000025,3784.0,3860.74,0.020280126849894234,1,78.2180006375262
1639526400,3686.49,3884.08,3784.0,3860.74,197099.24204846,3860.72,4021.53,0.0416528523177025,1,167.34068698602894
1639612800,3643.43,4097.0,3860.72,4021.53,319094.24570016,4021.41,3957.28,-0.015947142917533814,-1,63.04420241497351
1639699200,3952.81,4116.39,4021.41,3957.28,174285.93324831,3957.12,3876.02,-0.020494703218502323,-1,79.35844168941038
1639785600,3699.0,3994.81,3957.12,3876.02,209823.26509135,3876.37,3961.92,0.022069616677458596,1,87.35061765105002
1639872000,3768.14,3999.0,3876.37,3961.92,113485.77521903,3961.93,3925.79,-0.009121816892272169,-1,35.774527199975644
